# Blender 4.2.0
# www.blender.org
mtllib Dril.mtl
o 円
v 0.000000 0.000000 -0.350000
v -0.045684 0.000000 -0.347006
v -0.090587 0.000000 -0.338074
v -0.133939 0.000000 -0.323358
v -0.175000 0.000000 -0.303109
v -0.213067 0.000000 -0.277674
v -0.247487 0.000000 -0.247487
v -0.277674 0.000000 -0.213067
v -0.303109 0.000000 -0.175000
v -0.323358 0.000000 -0.133939
v -0.338074 0.000000 -0.090587
v -0.347006 0.000000 -0.045684
v -0.350000 0.000000 -0.000000
v -0.347006 0.000000 0.045684
v -0.338074 0.000000 0.090587
v -0.323358 0.000000 0.133939
v -0.303109 0.000000 0.175000
v -0.277674 0.000000 0.213067
v -0.247487 0.000000 0.247487
v -0.213067 0.000000 0.277674
v -0.175000 0.000000 0.303109
v -0.133939 0.000000 0.323358
v -0.090587 0.000000 0.338074
v -0.045684 0.000000 0.347006
v 0.000000 0.000000 0.350000
v 0.045684 0.000000 0.347006
v 0.090587 0.000000 0.338074
v 0.133939 0.000000 0.323358
v 0.175000 0.000000 0.303109
v 0.213067 0.000000 0.277674
v 0.247487 0.000000 0.247487
v 0.277674 0.000000 0.213067
v 0.303109 0.000000 0.175000
v 0.323358 0.000000 0.133939
v 0.338074 0.000000 0.090587
v 0.347006 0.000000 0.045684
v 0.350000 0.000000 -0.000000
v 0.347006 0.000000 -0.045684
v 0.338074 0.000000 -0.090587
v 0.323358 0.000000 -0.133939
v 0.303109 0.000000 -0.175000
v 0.277674 0.000000 -0.213067
v 0.247487 0.000000 -0.247487
v 0.213067 0.000000 -0.277674
v 0.175000 0.000000 -0.303109
v 0.133939 0.000000 -0.323358
v 0.090587 0.000000 -0.338074
v 0.045684 0.000000 -0.347006
v 0.000000 1.500000 0.000000
v 0.000000 1.500000 0.000000
v 0.000000 1.500000 0.000000
v 0.000000 1.500000 0.000000
v 0.000000 1.500000 0.000000
v 0.000000 1.500000 0.000000
v 0.000000 1.500000 0.000000
v 0.000000 1.500000 0.000000
v 0.000000 1.500000 0.000000
v 0.000000 1.500000 0.000000
v 0.000000 1.500000 0.000000
v 0.000000 1.500000 -0.000000
v 0.000000 1.500000 -0.000000
v 0.000000 1.500000 -0.000000
v 0.000000 1.500000 0.000000
v 0.000000 1.500000 0.000000
v 0.000000 1.500000 0.000000
v 0.000000 1.500000 0.000000
v 0.000000 1.500000 0.000000
v 0.000000 1.500000 0.000000
v 0.000000 1.500000 0.000000
v 0.000000 1.500000 0.000000
v 0.000000 1.500000 0.000000
v 0.000000 1.500000 0.000000
v 0.000000 1.500000 0.000000
v 0.000000 1.500000 0.000000
v 0.000000 1.500000 0.000000
v 0.000000 1.500000 0.000000
v 0.000000 1.500000 0.000000
v 0.000000 1.500000 0.000000
v 0.000000 1.500000 0.000000
v 0.000000 1.500000 0.000000
v 0.000000 1.500000 0.000000
v 0.000000 1.500000 0.000000
v 0.000000 1.500000 0.000000
v 0.000000 1.500000 -0.000000
v 0.000000 1.500000 -0.000000
v 0.000000 1.500000 -0.000000
v 0.000000 1.500000 0.000000
v 0.000000 1.500000 0.000000
v 0.000000 1.500000 0.000000
v 0.000000 1.500000 0.000000
v 0.000000 1.500000 0.000000
v 0.000000 1.500000 0.000000
v 0.000000 1.500000 0.000000
v 0.000000 1.500000 0.000000
v 0.000000 1.500000 0.000000
v 0.000000 1.500000 0.000000
v 0.613752 0.071429 -0.080802
v 0.448511 0.142857 -0.059048
v 0.552376 0.214286 -0.072722
v 0.401299 0.285714 -0.052832
v 0.491001 0.357143 -0.064642
v 0.354088 0.428571 -0.046616
v 0.429626 0.500000 -0.056561
v 0.306876 0.571429 -0.040401
v 0.368251 0.642857 -0.048481
v 0.259664 0.714286 -0.034185
v 0.306876 0.785714 -0.040401
v 0.212453 0.857143 -0.027970
v 0.245501 0.928571 -0.032321
v 0.165241 1.000000 -0.021754
v 0.184126 1.071429 -0.024241
v 0.118029 1.142857 -0.015539
v 0.098200 1.214286 -0.012928
v 0.056654 1.285714 -0.007459
v 0.049100 1.357143 -0.006464
v 0.018885 1.428571 -0.002486
v 0.018399 1.428571 -0.004930
v 0.047836 1.357143 -0.012818
v 0.055196 1.285714 -0.014790
v 0.095673 1.214286 -0.025635
v 0.114991 1.142857 -0.030812
v 0.179386 1.071429 -0.048066
v 0.160988 1.000000 -0.043137
v 0.239182 0.928572 -0.064089
v 0.206984 0.857143 -0.055461
v 0.298977 0.785714 -0.080111
v 0.252981 0.714286 -0.067786
v 0.358772 0.642857 -0.096133
v 0.298977 0.571429 -0.080111
v 0.418568 0.500000 -0.112155
v 0.344974 0.428571 -0.092435
v 0.478363 0.357143 -0.128177
v 0.390970 0.285714 -0.104760
v 0.538159 0.214286 -0.144199
v 0.436966 0.142857 -0.117085
v 0.597954 0.071429 -0.160221
v -0.000000 0.071429 0.619048
v 0.000000 0.142857 0.452381
v 0.000000 0.214286 0.557143
v 0.000000 0.285714 0.404762
v 0.000000 0.357143 0.495238
v 0.000000 0.428571 0.357143
v 0.000000 0.500000 0.433333
v 0.000000 0.571429 0.309524
v 0.000000 0.642857 0.371429
v 0.000000 0.714286 0.261905
v 0.000000 0.785714 0.309524
v 0.000000 0.857143 0.214286
v 0.000000 0.928571 0.247619
v 0.000000 1.000000 0.166667
v 0.000000 1.071429 0.185714
v 0.000000 1.142857 0.119048
v 0.000000 1.214286 0.099048
v 0.000000 1.285714 0.057143
v 0.000000 1.357143 0.049524
v 0.000000 1.428571 0.019048
v 0.002486 1.428571 0.018885
v 0.006464 1.357143 0.049100
v 0.007459 1.285714 0.056654
v 0.012928 1.214286 0.098200
v 0.015539 1.142857 0.118029
v 0.024241 1.071429 0.184125
v 0.021754 1.000000 0.165241
v 0.032321 0.928572 0.245501
v 0.027970 0.857143 0.212452
v 0.040401 0.785714 0.306876
v 0.034185 0.714286 0.259664
v 0.048481 0.642857 0.368251
v 0.040401 0.571429 0.306876
v 0.056561 0.500000 0.429626
v 0.046617 0.428571 0.354087
v 0.064642 0.357143 0.491001
v 0.052832 0.285714 0.401299
v 0.072722 0.214286 0.552376
v 0.059048 0.142857 0.448511
v 0.080802 0.071429 0.613752
v -0.613752 0.071429 -0.080802
v -0.448511 0.142857 -0.059048
v -0.552376 0.214286 -0.072722
v -0.401299 0.285714 -0.052832
v -0.491001 0.357143 -0.064642
v -0.354088 0.428571 -0.046616
v -0.429626 0.500000 -0.056561
v -0.306876 0.571429 -0.040401
v -0.368251 0.642857 -0.048481
v -0.259664 0.714286 -0.034185
v -0.306876 0.785714 -0.040401
v -0.212453 0.857143 -0.027970
v -0.245501 0.928571 -0.032321
v -0.165241 1.000000 -0.021754
v -0.184126 1.071429 -0.024241
v -0.118029 1.142857 -0.015539
v -0.098200 1.214286 -0.012928
v -0.056654 1.285714 -0.007459
v -0.049100 1.357143 -0.006464
v -0.018885 1.428571 -0.002486
v -0.019048 1.428571 -0.000000
v -0.049524 1.357143 -0.000000
v -0.057143 1.285714 -0.000000
v -0.099048 1.214286 -0.000000
v -0.119048 1.142857 -0.000000
v -0.185714 1.071429 -0.000000
v -0.166667 1.000000 -0.000000
v -0.247619 0.928572 -0.000000
v -0.214286 0.857143 -0.000000
v -0.309524 0.785714 -0.000000
v -0.261905 0.714286 -0.000000
v -0.371429 0.642857 -0.000000
v -0.309524 0.571429 -0.000000
v -0.433333 0.500000 -0.000000
v -0.357143 0.428571 -0.000000
v -0.495238 0.357143 -0.000000
v -0.404762 0.285714 -0.000000
v -0.557143 0.214286 -0.000000
v -0.452381 0.142857 -0.000000
v -0.619048 0.071429 0.000000
v 0.017598 1.428571 -0.007289
v 0.045754 1.357143 -0.018952
v 0.052793 1.285714 -0.021868
v 0.091508 1.214286 -0.037904
v 0.109986 1.142857 -0.045558
v 0.171578 1.071429 -0.071070
v 0.153980 1.000000 -0.063781
v 0.228770 0.928572 -0.094760
v 0.197974 0.857143 -0.082004
v 0.285963 0.785714 -0.118450
v 0.241968 0.714286 -0.100227
v 0.343155 0.642857 -0.142140
v 0.285963 0.571429 -0.118450
v 0.400348 0.500000 -0.165829
v 0.329957 0.428571 -0.136673
v 0.457540 0.357143 -0.189519
v 0.373951 0.285714 -0.154896
v 0.514733 0.214286 -0.213209
v 0.417945 0.142857 -0.173119
v 0.571925 0.071429 -0.236899
v 0.004930 1.428571 0.018399
v 0.012818 1.357143 0.047836
v 0.014790 1.285714 0.055196
v 0.025635 1.214286 0.095673
v 0.030812 1.142857 0.114991
v 0.048066 1.071429 0.179386
v 0.043137 1.000000 0.160988
v 0.064089 0.928572 0.239182
v 0.055461 0.857143 0.206984
v 0.080111 0.785714 0.298977
v 0.067786 0.714286 0.252981
v 0.096133 0.642857 0.358772
v 0.080111 0.571429 0.298977
v 0.112155 0.500000 0.418568
v 0.092435 0.428571 0.344974
v 0.128177 0.357143 0.478363
v 0.104760 0.285714 0.390970
v 0.144199 0.214286 0.538159
v 0.117085 0.142857 0.436966
v 0.160221 0.071429 0.597954
v -0.018885 1.428571 0.002486
v -0.049100 1.357143 0.006464
v -0.056654 1.285714 0.007459
v -0.098200 1.214286 0.012928
v -0.118029 1.142857 0.015539
v -0.184125 1.071429 0.024241
v -0.165241 1.000000 0.021754
v -0.245501 0.928572 0.032321
v -0.212452 0.857143 0.027970
v -0.306876 0.785714 0.040401
v -0.259664 0.714286 0.034185
v -0.368251 0.642857 0.048481
v -0.306876 0.571429 0.040401
v -0.429626 0.500000 0.056561
v -0.354087 0.428571 0.046617
v -0.491001 0.357143 0.064642
v -0.401299 0.285714 0.052832
v -0.552376 0.214286 0.072722
v -0.448511 0.142857 0.059048
v -0.613752 0.071429 0.080802
v 0.016496 1.428571 -0.009524
v 0.042889 1.357143 -0.024762
v 0.049487 1.285714 -0.028571
v 0.085778 1.214286 -0.049524
v 0.103098 1.142857 -0.059524
v 0.160833 1.071429 -0.092857
v 0.144338 1.000000 -0.083333
v 0.214444 0.928572 -0.123810
v 0.185577 0.857143 -0.107143
v 0.268055 0.785714 -0.154762
v 0.226816 0.714286 -0.130952
v 0.321667 0.642857 -0.185714
v 0.268055 0.571429 -0.154762
v 0.375278 0.500000 -0.216667
v 0.309295 0.428571 -0.178571
v 0.428889 0.357143 -0.247619
v 0.350534 0.285714 -0.202381
v 0.482500 0.214286 -0.278571
v 0.391773 0.142857 -0.226190
v 0.536111 0.071429 -0.309524
v 0.007289 1.428571 0.017598
v 0.018952 1.357143 0.045754
v 0.021868 1.285714 0.052793
v 0.037904 1.214286 0.091508
v 0.045558 1.142857 0.109986
v 0.071070 1.071429 0.171578
v 0.063781 1.000000 0.153980
v 0.094760 0.928572 0.228770
v 0.082004 0.857143 0.197974
v 0.118450 0.785714 0.285963
v 0.100227 0.714286 0.241968
v 0.142140 0.642857 0.343155
v 0.118450 0.571429 0.285963
v 0.165829 0.500000 0.400348
v 0.136673 0.428571 0.329957
v 0.189519 0.357143 0.457540
v 0.154896 0.285714 0.373951
v 0.213209 0.214286 0.514733
v 0.173119 0.142857 0.417945
v 0.236899 0.071429 0.571925
v -0.018399 1.428571 0.004930
v -0.047836 1.357143 0.012818
v -0.055196 1.285714 0.014790
v -0.095673 1.214286 0.025635
v -0.114991 1.142857 0.030812
v -0.179386 1.071429 0.048066
v -0.160988 1.000000 0.043137
v -0.239182 0.928572 0.064089
v -0.206984 0.857143 0.055461
v -0.298977 0.785714 0.080111
v -0.252981 0.714286 0.067786
v -0.358772 0.642857 0.096133
v -0.298977 0.571429 0.080111
v -0.418568 0.500000 0.112155
v -0.344974 0.428571 0.092435
v -0.478363 0.357143 0.128177
v -0.390970 0.285714 0.104760
v -0.538159 0.214286 0.144199
v -0.436966 0.142857 0.117085
v -0.597954 0.071429 0.160221
v 0.015111 1.428571 -0.011595
v 0.039290 1.357143 -0.030148
v 0.045334 1.285714 -0.034786
v 0.078580 1.214286 -0.060296
v 0.094447 1.142857 -0.072472
v 0.147337 1.071429 -0.113056
v 0.132226 1.000000 -0.101460
v 0.196449 0.928572 -0.150741
v 0.170004 0.857143 -0.130449
v 0.245562 0.785714 -0.188426
v 0.207783 0.714286 -0.159438
v 0.294674 0.642857 -0.226111
v 0.245562 0.571429 -0.188426
v 0.343786 0.500000 -0.263797
v 0.283340 0.428571 -0.217415
v 0.392899 0.357143 -0.301482
v 0.321119 0.285714 -0.246403
v 0.442011 0.214286 -0.339167
v 0.358898 0.142857 -0.275392
v 0.491123 0.071429 -0.376852
v -0.000000 0.071429 -0.619048
v 0.000000 0.142857 -0.452381
v 0.000000 0.214286 -0.557143
v 0.000000 0.285714 -0.404762
v 0.000000 0.357143 -0.495238
v 0.000000 0.428571 -0.357143
v 0.000000 0.500000 -0.433333
v 0.000000 0.571429 -0.309524
v 0.000000 0.642857 -0.371429
v 0.000000 0.714286 -0.261905
v 0.000000 0.785714 -0.309524
v 0.000000 0.857143 -0.214286
v 0.000000 0.928571 -0.247619
v 0.000000 1.000000 -0.166667
v 0.000000 1.071429 -0.185714
v 0.000000 1.142857 -0.119048
v 0.000000 1.214286 -0.099048
v 0.000000 1.285714 -0.057143
v 0.000000 1.357143 -0.049524
v 0.000000 1.428571 -0.019048
v -0.002486 1.428571 -0.018885
v -0.006464 1.357143 -0.049100
v -0.007459 1.285714 -0.056654
v -0.012928 1.214286 -0.098200
v -0.015539 1.142857 -0.118029
v -0.024241 1.071429 -0.184125
v -0.021754 1.000000 -0.165241
v -0.032321 0.928572 -0.245501
v -0.027970 0.857143 -0.212452
v -0.040401 0.785714 -0.306876
v -0.034185 0.714286 -0.259664
v -0.048481 0.642857 -0.368251
v -0.040401 0.571429 -0.306876
v -0.056561 0.500000 -0.429626
v -0.046617 0.428571 -0.354087
v -0.064642 0.357143 -0.491001
v -0.052832 0.285714 -0.401299
v -0.072722 0.214286 -0.552376
v -0.059048 0.142857 -0.448511
v -0.080802 0.071429 -0.613752
v 0.009524 1.428571 0.016496
v 0.024762 1.357143 0.042889
v 0.028571 1.285714 0.049487
v 0.049524 1.214286 0.085778
v 0.059524 1.142857 0.103098
v 0.092857 1.071429 0.160833
v 0.083333 1.000000 0.144338
v 0.123810 0.928572 0.214444
v 0.107143 0.857143 0.185577
v 0.154762 0.785714 0.268055
v 0.130952 0.714286 0.226816
v 0.185714 0.642857 0.321667
v 0.154762 0.571429 0.268055
v 0.216667 0.500000 0.375278
v 0.178571 0.428571 0.309295
v 0.247619 0.357143 0.428889
v 0.202381 0.285714 0.350534
v 0.278571 0.214286 0.482500
v 0.226190 0.142857 0.391773
v 0.309524 0.071429 0.536111
v -0.017598 1.428571 0.007289
v -0.045754 1.357143 0.018952
v -0.052793 1.285714 0.021868
v -0.091508 1.214286 0.037904
v -0.109986 1.142857 0.045558
v -0.171578 1.071429 0.071070
v -0.153980 1.000000 0.063781
v -0.228770 0.928572 0.094760
v -0.197974 0.857143 0.082004
v -0.285963 0.785714 0.118450
v -0.241968 0.714286 0.100227
v -0.343155 0.642857 0.142140
v -0.285963 0.571429 0.118450
v -0.400348 0.500000 0.165829
v -0.329957 0.428571 0.136673
v -0.457540 0.357143 0.189519
v -0.373951 0.285714 0.154896
v -0.514733 0.214286 0.213209
v -0.417945 0.142857 0.173119
v -0.571925 0.071429 0.236899
v 0.013469 1.428571 -0.013469
v 0.035019 1.357143 -0.035019
v 0.040406 1.285714 -0.040406
v 0.070037 1.214286 -0.070037
v 0.084179 1.142857 -0.084179
v 0.131320 1.071429 -0.131320
v 0.117851 1.000000 -0.117851
v 0.175093 0.928572 -0.175093
v 0.151523 0.857143 -0.151523
v 0.218866 0.785714 -0.218866
v 0.185195 0.714286 -0.185195
v 0.262640 0.642857 -0.262640
v 0.218866 0.571429 -0.218866
v 0.306413 0.500000 -0.306413
v 0.252538 0.428571 -0.252538
v 0.350186 0.357143 -0.350186
v 0.286210 0.285714 -0.286210
v 0.393959 0.214286 -0.393959
v 0.319882 0.142857 -0.319882
v 0.437733 0.071429 -0.437733
v -0.004930 1.428571 -0.018399
v -0.012818 1.357143 -0.047836
v -0.014790 1.285714 -0.055196
v -0.025635 1.214286 -0.095673
v -0.030812 1.142857 -0.114991
v -0.048066 1.071429 -0.179386
v -0.043137 1.000000 -0.160988
v -0.064089 0.928572 -0.239182
v -0.055461 0.857143 -0.206984
v -0.080111 0.785714 -0.298977
v -0.067786 0.714286 -0.252981
v -0.096133 0.642857 -0.358772
v -0.080111 0.571429 -0.298977
v -0.112155 0.500000 -0.418568
v -0.092435 0.428571 -0.344974
v -0.128177 0.357143 -0.478363
v -0.104760 0.285714 -0.390970
v -0.144199 0.214286 -0.538159
v -0.117085 0.142857 -0.436966
v -0.160221 0.071429 -0.597954
v 0.011595 1.428571 0.015111
v 0.030148 1.357143 0.039290
v 0.034786 1.285714 0.045334
v 0.060296 1.214286 0.078580
v 0.072472 1.142857 0.094447
v 0.113056 1.071429 0.147337
v 0.101460 1.000000 0.132226
v 0.150741 0.928572 0.196449
v 0.130449 0.857143 0.170004
v 0.188426 0.785714 0.245562
v 0.159438 0.714286 0.207783
v 0.226111 0.642857 0.294674
v 0.188426 0.571429 0.245562
v 0.263797 0.500000 0.343786
v 0.217415 0.428571 0.283340
v 0.301482 0.357143 0.392899
v 0.246403 0.285714 0.321119
v 0.339167 0.214286 0.442011
v 0.275392 0.142857 0.358898
v 0.376852 0.071429 0.491123
v -0.016496 1.428571 0.009524
v -0.042889 1.357143 0.024762
v -0.049487 1.285714 0.028571
v -0.085778 1.214286 0.049524
v -0.103098 1.142857 0.059524
v -0.160833 1.071429 0.092857
v -0.144338 1.000000 0.083333
v -0.214444 0.928572 0.123810
v -0.185577 0.857143 0.107143
v -0.268055 0.785714 0.154762
v -0.226816 0.714286 0.130952
v -0.321667 0.642857 0.185714
v -0.268055 0.571429 0.154762
v -0.375278 0.500000 0.216667
v -0.309295 0.428571 0.178571
v -0.428889 0.357143 0.247619
v -0.350534 0.285714 0.202381
v -0.482500 0.214286 0.278571
v -0.391773 0.142857 0.226190
v -0.536111 0.071429 0.309524
v 0.011595 1.428571 -0.015111
v 0.030148 1.357143 -0.039290
v 0.034786 1.285714 -0.045334
v 0.060296 1.214286 -0.078580
v 0.072472 1.142857 -0.094447
v 0.113056 1.071429 -0.147337
v 0.101460 1.000000 -0.132226
v 0.150741 0.928572 -0.196449
v 0.130449 0.857143 -0.170004
v 0.188426 0.785714 -0.245562
v 0.159438 0.714286 -0.207783
v 0.226111 0.642857 -0.294674
v 0.188426 0.571429 -0.245562
v 0.263797 0.500000 -0.343786
v 0.217415 0.428571 -0.283340
v 0.301482 0.357143 -0.392899
v 0.246403 0.285714 -0.321119
v 0.339167 0.214286 -0.442011
v 0.275392 0.142857 -0.358898
v 0.376852 0.071429 -0.491123
v -0.007289 1.428571 -0.017598
v -0.018952 1.357143 -0.045754
v -0.021868 1.285714 -0.052793
v -0.037904 1.214286 -0.091508
v -0.045558 1.142857 -0.109986
v -0.071070 1.071429 -0.171578
v -0.063781 1.000000 -0.153980
v -0.094760 0.928572 -0.228770
v -0.082004 0.857143 -0.197974
v -0.118450 0.785714 -0.285963
v -0.100227 0.714286 -0.241968
v -0.142140 0.642857 -0.343155
v -0.118450 0.571429 -0.285963
v -0.165829 0.500000 -0.400348
v -0.136673 0.428571 -0.329957
v -0.189519 0.357143 -0.457540
v -0.154896 0.285714 -0.373951
v -0.213209 0.214286 -0.514733
v -0.173119 0.142857 -0.417945
v -0.236899 0.071429 -0.571925
v 0.013469 1.428571 0.013469
v 0.035019 1.357143 0.035019
v 0.040406 1.285714 0.040406
v 0.070037 1.214286 0.070037
v 0.084179 1.142857 0.084179
v 0.131320 1.071429 0.131320
v 0.117851 1.000000 0.117851
v 0.175093 0.928572 0.175093
v 0.151523 0.857143 0.151523
v 0.218866 0.785714 0.218866
v 0.185195 0.714286 0.185195
v 0.262640 0.642857 0.262640
v 0.218866 0.571429 0.218866
v 0.306413 0.500000 0.306413
v 0.252538 0.428571 0.252538
v 0.350186 0.357143 0.350186
v 0.286210 0.285714 0.286210
v 0.393959 0.214286 0.393959
v 0.319882 0.142857 0.319882
v 0.437733 0.071429 0.437733
v -0.015111 1.428571 0.011595
v -0.039290 1.357143 0.030148
v -0.045334 1.285714 0.034786
v -0.078580 1.214286 0.060296
v -0.094447 1.142857 0.072472
v -0.147337 1.071429 0.113056
v -0.132226 1.000000 0.101460
v -0.196449 0.928572 0.150741
v -0.170004 0.857143 0.130449
v -0.245562 0.785714 0.188426
v -0.207783 0.714286 0.159438
v -0.294674 0.642857 0.226111
v -0.245562 0.571429 0.188426
v -0.343786 0.500000 0.263797
v -0.283340 0.428571 0.217415
v -0.392899 0.357143 0.301482
v -0.321119 0.285714 0.246403
v -0.442011 0.214286 0.339167
v -0.358898 0.142857 0.275392
v -0.491123 0.071429 0.376852
v 0.009524 1.428571 -0.016496
v 0.024762 1.357143 -0.042889
v 0.028571 1.285714 -0.049487
v 0.049524 1.214286 -0.085778
v 0.059524 1.142857 -0.103098
v 0.092857 1.071429 -0.160833
v 0.083333 1.000000 -0.144338
v 0.123810 0.928572 -0.214444
v 0.107143 0.857143 -0.185577
v 0.154762 0.785714 -0.268055
v 0.130952 0.714286 -0.226816
v 0.185714 0.642857 -0.321667
v 0.154762 0.571429 -0.268055
v 0.216667 0.500000 -0.375278
v 0.178571 0.428571 -0.309295
v 0.247619 0.357143 -0.428889
v 0.202381 0.285714 -0.350534
v 0.278571 0.214286 -0.482500
v 0.226190 0.142857 -0.391773
v 0.309524 0.071429 -0.536111
v -0.009524 1.428571 -0.016496
v -0.024762 1.357143 -0.042889
v -0.028571 1.285714 -0.049487
v -0.049524 1.214286 -0.085778
v -0.059524 1.142857 -0.103098
v -0.092857 1.071429 -0.160833
v -0.083333 1.000000 -0.144338
v -0.123810 0.928572 -0.214444
v -0.107143 0.857143 -0.185577
v -0.154762 0.785714 -0.268055
v -0.130952 0.714286 -0.226816
v -0.185714 0.642857 -0.321667
v -0.154762 0.571429 -0.268055
v -0.216667 0.500000 -0.375278
v -0.178571 0.428571 -0.309295
v -0.247619 0.357143 -0.428889
v -0.202381 0.285714 -0.350534
v -0.278571 0.214286 -0.482500
v -0.226190 0.142857 -0.391773
v -0.309524 0.071429 -0.536111
v 0.015111 1.428571 0.011595
v 0.039290 1.357143 0.030148
v 0.045334 1.285714 0.034786
v 0.078580 1.214286 0.060296
v 0.094447 1.142857 0.072472
v 0.147337 1.071429 0.113056
v 0.132226 1.000000 0.101460
v 0.196449 0.928572 0.150741
v 0.170004 0.857143 0.130449
v 0.245562 0.785714 0.188426
v 0.207783 0.714286 0.159438
v 0.294674 0.642857 0.226111
v 0.245562 0.571429 0.188426
v 0.343786 0.500000 0.263797
v 0.283340 0.428571 0.217415
v 0.392899 0.357143 0.301482
v 0.321119 0.285714 0.246403
v 0.442011 0.214286 0.339167
v 0.358898 0.142857 0.275392
v 0.491123 0.071429 0.376852
v -0.013469 1.428571 0.013469
v -0.035019 1.357143 0.035019
v -0.040406 1.285714 0.040406
v -0.070037 1.214286 0.070037
v -0.084179 1.142857 0.084179
v -0.131320 1.071429 0.131320
v -0.117851 1.000000 0.117851
v -0.175093 0.928572 0.175093
v -0.151523 0.857143 0.151523
v -0.218866 0.785714 0.218866
v -0.185195 0.714286 0.185195
v -0.262640 0.642857 0.262640
v -0.218866 0.571429 0.218866
v -0.306413 0.500000 0.306413
v -0.252538 0.428571 0.252538
v -0.350186 0.357143 0.350186
v -0.286210 0.285714 0.286210
v -0.393959 0.214286 0.393959
v -0.319882 0.142857 0.319882
v -0.437733 0.071429 0.437733
v 0.007289 1.428571 -0.017598
v 0.018952 1.357143 -0.045754
v 0.021868 1.285714 -0.052793
v 0.037904 1.214286 -0.091508
v 0.045558 1.142857 -0.109986
v 0.071070 1.071429 -0.171578
v 0.063781 1.000000 -0.153980
v 0.094760 0.928572 -0.228770
v 0.082004 0.857143 -0.197974
v 0.118450 0.785714 -0.285963
v 0.100227 0.714286 -0.241968
v 0.142140 0.642857 -0.343155
v 0.118450 0.571429 -0.285963
v 0.165829 0.500000 -0.400348
v 0.136673 0.428571 -0.329957
v 0.189519 0.357143 -0.457540
v 0.154896 0.285714 -0.373951
v 0.213209 0.214286 -0.514733
v 0.173119 0.142857 -0.417945
v 0.236899 0.071429 -0.571925
v -0.011595 1.428571 -0.015111
v -0.030148 1.357143 -0.039290
v -0.034786 1.285714 -0.045334
v -0.060296 1.214286 -0.078580
v -0.072472 1.142857 -0.094447
v -0.113056 1.071429 -0.147337
v -0.101460 1.000000 -0.132226
v -0.150741 0.928572 -0.196449
v -0.130449 0.857143 -0.170004
v -0.188426 0.785714 -0.245562
v -0.159438 0.714286 -0.207783
v -0.226111 0.642857 -0.294674
v -0.188426 0.571429 -0.245562
v -0.263797 0.500000 -0.343786
v -0.217415 0.428571 -0.283340
v -0.301482 0.357143 -0.392899
v -0.246403 0.285714 -0.321119
v -0.339167 0.214286 -0.442011
v -0.275392 0.142857 -0.358898
v -0.376852 0.071429 -0.491123
v 0.016496 1.428571 0.009524
v 0.042889 1.357143 0.024762
v 0.049487 1.285714 0.028571
v 0.085778 1.214286 0.049524
v 0.103098 1.142857 0.059524
v 0.160833 1.071429 0.092857
v 0.144338 1.000000 0.083333
v 0.214444 0.928572 0.123810
v 0.185577 0.857143 0.107143
v 0.268055 0.785714 0.154762
v 0.226816 0.714286 0.130952
v 0.321667 0.642857 0.185714
v 0.268055 0.571429 0.154762
v 0.375278 0.500000 0.216667
v 0.309295 0.428571 0.178571
v 0.428889 0.357143 0.247619
v 0.350534 0.285714 0.202381
v 0.482500 0.214286 0.278571
v 0.391773 0.142857 0.226190
v 0.536111 0.071429 0.309524
v -0.011595 1.428571 0.015111
v -0.030148 1.357143 0.039290
v -0.034786 1.285714 0.045334
v -0.060296 1.214286 0.078580
v -0.072472 1.142857 0.094447
v -0.113056 1.071429 0.147337
v -0.101460 1.000000 0.132226
v -0.150741 0.928572 0.196449
v -0.130449 0.857143 0.170004
v -0.188426 0.785714 0.245562
v -0.159438 0.714286 0.207783
v -0.226111 0.642857 0.294674
v -0.188426 0.571429 0.245562
v -0.263797 0.500000 0.343786
v -0.217415 0.428571 0.283340
v -0.301482 0.357143 0.392899
v -0.246403 0.285714 0.321119
v -0.339167 0.214286 0.442011
v -0.275392 0.142857 0.358898
v -0.376852 0.071429 0.491123
v 0.004930 1.428571 -0.018399
v 0.012818 1.357143 -0.047836
v 0.014790 1.285714 -0.055196
v 0.025635 1.214286 -0.095673
v 0.030812 1.142857 -0.114991
v 0.048066 1.071429 -0.179386
v 0.043137 1.000000 -0.160988
v 0.064089 0.928572 -0.239182
v 0.055461 0.857143 -0.206984
v 0.080111 0.785714 -0.298977
v 0.067786 0.714286 -0.252981
v 0.096133 0.642857 -0.358772
v 0.080111 0.571429 -0.298977
v 0.112155 0.500000 -0.418568
v 0.092435 0.428571 -0.344974
v 0.128177 0.357143 -0.478363
v 0.104760 0.285714 -0.390970
v 0.144199 0.214286 -0.538159
v 0.117085 0.142857 -0.436966
v 0.160221 0.071429 -0.597954
v -0.013469 1.428571 -0.013469
v -0.035019 1.357143 -0.035019
v -0.040406 1.285714 -0.040406
v -0.070037 1.214286 -0.070037
v -0.084179 1.142857 -0.084179
v -0.131320 1.071429 -0.131320
v -0.117851 1.000000 -0.117851
v -0.175093 0.928572 -0.175093
v -0.151523 0.857143 -0.151523
v -0.218866 0.785714 -0.218866
v -0.185195 0.714286 -0.185195
v -0.262640 0.642857 -0.262640
v -0.218866 0.571429 -0.218866
v -0.306413 0.500000 -0.306413
v -0.252538 0.428571 -0.252538
v -0.350186 0.357143 -0.350186
v -0.286210 0.285714 -0.286210
v -0.393959 0.214286 -0.393959
v -0.319882 0.142857 -0.319882
v -0.437733 0.071429 -0.437733
v 0.017598 1.428571 0.007289
v 0.045754 1.357143 0.018952
v 0.052793 1.285714 0.021868
v 0.091508 1.214286 0.037904
v 0.109986 1.142857 0.045558
v 0.171578 1.071429 0.071070
v 0.153980 1.000000 0.063781
v 0.228770 0.928572 0.094760
v 0.197974 0.857143 0.082004
v 0.285963 0.785714 0.118450
v 0.241968 0.714286 0.100227
v 0.343155 0.642857 0.142140
v 0.285963 0.571429 0.118450
v 0.400348 0.500000 0.165829
v 0.329957 0.428571 0.136673
v 0.457540 0.357143 0.189519
v 0.373951 0.285714 0.154896
v 0.514733 0.214286 0.213209
v 0.417945 0.142857 0.173119
v 0.571925 0.071429 0.236899
v -0.009524 1.428571 0.016496
v -0.024762 1.357143 0.042889
v -0.028571 1.285714 0.049487
v -0.049524 1.214286 0.085778
v -0.059524 1.142857 0.103098
v -0.092857 1.071429 0.160833
v -0.083333 1.000000 0.144338
v -0.123810 0.928572 0.214444
v -0.107143 0.857143 0.185577
v -0.154762 0.785714 0.268055
v -0.130952 0.714286 0.226816
v -0.185714 0.642857 0.321667
v -0.154762 0.571429 0.268055
v -0.216667 0.500000 0.375278
v -0.178571 0.428571 0.309295
v -0.247619 0.357143 0.428889
v -0.202381 0.285714 0.350534
v -0.278571 0.214286 0.482500
v -0.226190 0.142857 0.391773
v -0.309524 0.071429 0.536111
v 0.002486 1.428571 -0.018885
v 0.006464 1.357143 -0.049100
v 0.007459 1.285714 -0.056654
v 0.012928 1.214286 -0.098200
v 0.015539 1.142857 -0.118029
v 0.024241 1.071429 -0.184125
v 0.021754 1.000000 -0.165241
v 0.032321 0.928572 -0.245501
v 0.027970 0.857143 -0.212452
v 0.040401 0.785714 -0.306876
v 0.034185 0.714286 -0.259664
v 0.048481 0.642857 -0.368251
v 0.040401 0.571429 -0.306876
v 0.056561 0.500000 -0.429626
v 0.046617 0.428571 -0.354087
v 0.064642 0.357143 -0.491001
v 0.052832 0.285714 -0.401299
v 0.072722 0.214286 -0.552376
v 0.059048 0.142857 -0.448511
v 0.080802 0.071429 -0.613752
v -0.015111 1.428571 -0.011595
v -0.039290 1.357143 -0.030148
v -0.045334 1.285714 -0.034786
v -0.078580 1.214286 -0.060296
v -0.094447 1.142857 -0.072472
v -0.147337 1.071429 -0.113056
v -0.132226 1.000000 -0.101460
v -0.196449 0.928572 -0.150741
v -0.170004 0.857143 -0.130449
v -0.245562 0.785714 -0.188426
v -0.207783 0.714286 -0.159438
v -0.294674 0.642857 -0.226111
v -0.245562 0.571429 -0.188426
v -0.343786 0.500000 -0.263797
v -0.283340 0.428571 -0.217415
v -0.392899 0.357143 -0.301482
v -0.321119 0.285714 -0.246403
v -0.442011 0.214286 -0.339167
v -0.358898 0.142857 -0.275392
v -0.491123 0.071429 -0.376852
v 0.018399 1.428571 0.004930
v 0.047836 1.357143 0.012818
v 0.055196 1.285714 0.014790
v 0.095673 1.214286 0.025635
v 0.114991 1.142857 0.030812
v 0.179386 1.071429 0.048066
v 0.160988 1.000000 0.043137
v 0.239182 0.928572 0.064089
v 0.206984 0.857143 0.055461
v 0.298977 0.785714 0.080111
v 0.252981 0.714286 0.067786
v 0.358772 0.642857 0.096133
v 0.298977 0.571429 0.080111
v 0.418568 0.500000 0.112155
v 0.344974 0.428571 0.092435
v 0.478363 0.357143 0.128177
v 0.390970 0.285714 0.104760
v 0.538159 0.214286 0.144199
v 0.436966 0.142857 0.117085
v 0.597954 0.071429 0.160221
v -0.007289 1.428571 0.017598
v -0.018952 1.357143 0.045754
v -0.021868 1.285714 0.052793
v -0.037904 1.214286 0.091508
v -0.045558 1.142857 0.109986
v -0.071070 1.071429 0.171578
v -0.063781 1.000000 0.153980
v -0.094760 0.928572 0.228770
v -0.082004 0.857143 0.197974
v -0.118450 0.785714 0.285963
v -0.100227 0.714286 0.241968
v -0.142140 0.642857 0.343155
v -0.118450 0.571429 0.285963
v -0.165829 0.500000 0.400348
v -0.136673 0.428571 0.329957
v -0.189519 0.357143 0.457540
v -0.154896 0.285714 0.373951
v -0.213209 0.214286 0.514733
v -0.173119 0.142857 0.417945
v -0.236899 0.071429 0.571925
v -0.016496 1.428571 -0.009524
v -0.042889 1.357143 -0.024762
v -0.049487 1.285714 -0.028571
v -0.085778 1.214286 -0.049524
v -0.103098 1.142857 -0.059524
v -0.160833 1.071429 -0.092857
v -0.144338 1.000000 -0.083333
v -0.214444 0.928572 -0.123810
v -0.185577 0.857143 -0.107143
v -0.268055 0.785714 -0.154762
v -0.226816 0.714286 -0.130952
v -0.321667 0.642857 -0.185714
v -0.268055 0.571429 -0.154762
v -0.375278 0.500000 -0.216667
v -0.309295 0.428571 -0.178571
v -0.428889 0.357143 -0.247619
v -0.350534 0.285714 -0.202381
v -0.482500 0.214286 -0.278571
v -0.391773 0.142857 -0.226190
v -0.536111 0.071429 -0.309524
v 0.018885 1.428571 0.002486
v 0.049100 1.357143 0.006464
v 0.056654 1.285714 0.007459
v 0.098200 1.214286 0.012928
v 0.118029 1.142857 0.015539
v 0.184125 1.071429 0.024241
v 0.165241 1.000000 0.021754
v 0.245501 0.928572 0.032321
v 0.212452 0.857143 0.027970
v 0.306876 0.785714 0.040401
v 0.259664 0.714286 0.034185
v 0.368251 0.642857 0.048481
v 0.306876 0.571429 0.040401
v 0.429626 0.500000 0.056561
v 0.354087 0.428571 0.046617
v 0.491001 0.357143 0.064642
v 0.401299 0.285714 0.052832
v 0.552376 0.214286 0.072722
v 0.448511 0.142857 0.059048
v 0.613752 0.071429 0.080802
v -0.004930 1.428571 0.018399
v -0.012818 1.357143 0.047836
v -0.014790 1.285714 0.055196
v -0.025635 1.214286 0.095673
v -0.030812 1.142857 0.114991
v -0.048066 1.071429 0.179386
v -0.043137 1.000000 0.160988
v -0.064089 0.928572 0.239182
v -0.055461 0.857143 0.206984
v -0.080111 0.785714 0.298977
v -0.067786 0.714286 0.252981
v -0.096133 0.642857 0.358772
v -0.080111 0.571429 0.298977
v -0.112155 0.500000 0.418568
v -0.092435 0.428571 0.344974
v -0.128177 0.357143 0.478363
v -0.104760 0.285714 0.390970
v -0.144199 0.214286 0.538159
v -0.117085 0.142857 0.436966
v -0.160221 0.071429 0.597954
v -0.017598 1.428571 -0.007289
v -0.045754 1.357143 -0.018952
v -0.052793 1.285714 -0.021868
v -0.091508 1.214286 -0.037904
v -0.109986 1.142857 -0.045558
v -0.171578 1.071429 -0.071070
v -0.153980 1.000000 -0.063781
v -0.228770 0.928572 -0.094760
v -0.197974 0.857143 -0.082004
v -0.285963 0.785714 -0.118450
v -0.241968 0.714286 -0.100227
v -0.343155 0.642857 -0.142140
v -0.285963 0.571429 -0.118450
v -0.400348 0.500000 -0.165829
v -0.329957 0.428571 -0.136673
v -0.457540 0.357143 -0.189519
v -0.373951 0.285714 -0.154896
v -0.514733 0.214286 -0.213209
v -0.417945 0.142857 -0.173119
v -0.571925 0.071429 -0.236899
v 0.019048 1.428571 -0.000000
v 0.049524 1.357143 -0.000000
v 0.057143 1.285714 -0.000000
v 0.099048 1.214286 -0.000000
v 0.119048 1.142857 -0.000000
v 0.185714 1.071429 -0.000000
v 0.166667 1.000000 -0.000000
v 0.247619 0.928572 -0.000000
v 0.214286 0.857143 -0.000000
v 0.309524 0.785714 -0.000000
v 0.261905 0.714286 -0.000000
v 0.371429 0.642857 -0.000000
v 0.309524 0.571429 -0.000000
v 0.433333 0.500000 -0.000000
v 0.357143 0.428571 -0.000000
v 0.495238 0.357143 -0.000000
v 0.404762 0.285714 -0.000000
v 0.557143 0.214286 -0.000000
v 0.452381 0.142857 -0.000000
v 0.619048 0.071429 0.000000
v -0.002486 1.428571 0.018885
v -0.006464 1.357143 0.049100
v -0.007459 1.285714 0.056654
v -0.012928 1.214286 0.098200
v -0.015539 1.142857 0.118029
v -0.024241 1.071429 0.184125
v -0.021754 1.000000 0.165241
v -0.032321 0.928572 0.245501
v -0.027970 0.857143 0.212452
v -0.040401 0.785714 0.306876
v -0.034185 0.714286 0.259664
v -0.048481 0.642857 0.368251
v -0.040401 0.571429 0.306876
v -0.056561 0.500000 0.429626
v -0.046617 0.428571 0.354087
v -0.064642 0.357143 0.491001
v -0.052832 0.285714 0.401299
v -0.072722 0.214286 0.552376
v -0.059048 0.142857 0.448511
v -0.080802 0.071429 0.613752
v -0.018399 1.428571 -0.004930
v -0.047836 1.357143 -0.012818
v -0.055196 1.285714 -0.014790
v -0.095673 1.214286 -0.025635
v -0.114991 1.142857 -0.030812
v -0.179386 1.071429 -0.048066
v -0.160988 1.000000 -0.043137
v -0.239182 0.928572 -0.064089
v -0.206984 0.857143 -0.055461
v -0.298977 0.785714 -0.080111
v -0.252981 0.714286 -0.067786
v -0.358772 0.642857 -0.096133
v -0.298977 0.571429 -0.080111
v -0.418568 0.500000 -0.112155
v -0.344974 0.428571 -0.092435
v -0.478363 0.357143 -0.128177
v -0.390970 0.285714 -0.104760
v -0.538159 0.214286 -0.144199
v -0.436966 0.142857 -0.117085
v -0.597954 0.071429 -0.160221
v 0.000000 -0.500000 -0.350000
v -0.045684 -0.500000 -0.347006
v -0.090587 -0.500000 -0.338074
v -0.133939 -0.500000 -0.323358
v -0.175000 -0.500000 -0.303109
v -0.213067 -0.500000 -0.277674
v -0.247487 -0.500000 -0.247487
v -0.277674 -0.500000 -0.213067
v -0.303109 -0.500000 -0.175000
v -0.323358 -0.500000 -0.133939
v -0.338074 -0.500000 -0.090587
v -0.347006 -0.500000 -0.045684
v -0.350000 -0.500000 -0.000000
v -0.347006 -0.500000 0.045684
v -0.338074 -0.500000 0.090587
v -0.323358 -0.500000 0.133939
v -0.303109 -0.500000 0.175000
v -0.277674 -0.500000 0.213067
v -0.247487 -0.500000 0.247487
v -0.213067 -0.500000 0.277674
v -0.175000 -0.500000 0.303109
v -0.133939 -0.500000 0.323358
v -0.090587 -0.500000 0.338074
v -0.045684 -0.500000 0.347006
v 0.000000 -0.500000 0.350000
v 0.045684 -0.500000 0.347006
v 0.090587 -0.500000 0.338074
v 0.133939 -0.500000 0.323358
v 0.175000 -0.500000 0.303109
v 0.213067 -0.500000 0.277674
v 0.247487 -0.500000 0.247487
v 0.277674 -0.500000 0.213067
v 0.303109 -0.500000 0.175000
v 0.323358 -0.500000 0.133939
v 0.338074 -0.500000 0.090587
v 0.347006 -0.500000 0.045684
v 0.350000 -0.500000 -0.000000
v 0.347006 -0.500000 -0.045684
v 0.338074 -0.500000 -0.090587
v 0.323358 -0.500000 -0.133939
v 0.303109 -0.500000 -0.175000
v 0.277674 -0.500000 -0.213067
v 0.247487 -0.500000 -0.247487
v 0.213067 -0.500000 -0.277674
v 0.175000 -0.500000 -0.303109
v 0.133939 -0.500000 -0.323358
v 0.090587 -0.500000 -0.338074
v 0.045684 -0.500000 -0.347006
v 0.268504 -0.500000 -0.208023
v 0.229264 -0.500000 -0.237175
v 0.186060 -0.500000 -0.261959
v 0.139632 -0.500000 -0.281949
v 0.090774 -0.500000 -0.296805
v 0.040321 -0.500000 -0.306271
v -0.010862 -0.500000 -0.310185
v -0.061900 -0.500000 -0.308482
v -0.111920 -0.500000 -0.301189
v -0.160066 -0.500000 -0.288432
v -0.205515 -0.500000 -0.270429
v 0.284779 -0.500000 -0.163878
v 0.241267 -0.500000 -0.190553
v 0.193566 -0.500000 -0.213509
v 0.142493 -0.500000 -0.232352
v 0.088921 -0.500000 -0.246761
v 0.033767 -0.500000 -0.256488
v -0.022025 -0.500000 -0.261367
v -0.077500 -0.500000 -0.261315
v -0.131710 -0.500000 -0.256333
v -0.183727 -0.500000 -0.246505
v -0.232660 -0.500000 -0.232000
v 0.296060 -0.500000 -0.116008
v 0.248918 -0.500000 -0.138974
v 0.197455 -0.500000 -0.159092
v 0.142552 -0.500000 -0.176017
v 0.085147 -0.500000 -0.189460
v 0.026224 -0.500000 -0.199190
v -0.033210 -0.500000 -0.205042
v -0.092138 -0.500000 -0.206914
v -0.149551 -0.500000 -0.204776
v -0.204467 -0.500000 -0.198664
v -0.255947 -0.500000 -0.188681
v 0.302182 -0.500000 -0.065449
v 0.252139 -0.500000 -0.083719
v 0.197732 -0.500000 -0.100181
v 0.139893 -0.500000 -0.114555
v 0.079611 -0.500000 -0.126593
v 0.017917 -0.500000 -0.136091
v -0.044133 -0.500000 -0.142884
v -0.105477 -0.500000 -0.146858
v -0.165066 -0.500000 -0.147945
v -0.221880 -0.500000 -0.146125
v -0.274946 -0.500000 -0.141429
v 0.303072 -0.500000 -0.013293
v 0.250930 -0.500000 -0.026153
v 0.194469 -0.500000 -0.038359
v 0.134652 -0.500000 -0.049703
v 0.072505 -0.500000 -0.059990
v 0.009090 -0.500000 -0.069044
v -0.054508 -0.500000 -0.076711
v -0.117200 -0.500000 -0.082860
v -0.177914 -0.500000 -0.087384
v -0.235611 -0.500000 -0.090207
v -0.289304 -0.500000 -0.091281
v 0.298744 -0.500000 0.039330
v 0.245370 -0.500000 0.032304
v 0.187798 -0.500000 0.024724
v 0.127013 -0.500000 0.016722
v 0.064054 -0.500000 0.008433
v -0.000000 -0.500000 -0.000000
v -0.064054 -0.500000 -0.008433
v -0.127013 -0.500000 -0.016722
v -0.187798 -0.500000 -0.024724
v -0.245370 -0.500000 -0.032304
v -0.298744 -0.500000 -0.039330
v 0.289304 -0.500000 0.091281
v 0.235611 -0.500000 0.090207
v 0.177914 -0.500000 0.087384
v 0.117200 -0.500000 0.082860
v 0.054508 -0.500000 0.076711
v -0.009090 -0.500000 0.069044
v -0.072505 -0.500000 0.059990
v -0.134652 -0.500000 0.049703
v -0.194469 -0.500000 0.038359
v -0.250930 -0.500000 0.026153
v -0.303072 -0.500000 0.013293
v 0.274946 -0.500000 0.141429
v 0.221880 -0.500000 0.146125
v 0.165066 -0.500000 0.147945
v 0.105477 -0.500000 0.146858
v 0.044133 -0.500000 0.142884
v -0.017917 -0.500000 0.136091
v -0.079611 -0.500000 0.126593
v -0.139893 -0.500000 0.114555
v -0.197732 -0.500000 0.100181
v -0.252139 -0.500000 0.083719
v -0.302182 -0.500000 0.065449
v 0.255947 -0.500000 0.188681
v 0.204467 -0.500000 0.198664
v 0.149551 -0.500000 0.204776
v 0.092138 -0.500000 0.206914
v 0.033210 -0.500000 0.205042
v -0.026224 -0.500000 0.199190
v -0.085147 -0.500000 0.189460
v -0.142552 -0.500000 0.176017
v -0.197455 -0.500000 0.159092
v -0.248918 -0.500000 0.138974
v -0.296060 -0.500000 0.116008
v 0.232660 -0.500000 0.232000
v 0.183727 -0.500000 0.246505
v 0.131710 -0.500000 0.256333
v 0.077500 -0.500000 0.261315
v 0.022025 -0.500000 0.261367
v -0.033767 -0.500000 0.256488
v -0.088921 -0.500000 0.246761
v -0.142493 -0.500000 0.232352
v -0.193566 -0.500000 0.213509
v -0.241267 -0.500000 0.190553
v -0.284779 -0.500000 0.163878
v 0.205515 -0.500000 0.270429
v 0.160066 -0.500000 0.288432
v 0.111920 -0.500000 0.301189
v 0.061900 -0.500000 0.308481
v 0.010862 -0.500000 0.310185
v -0.040321 -0.500000 0.306271
v -0.090774 -0.500000 0.296805
v -0.139632 -0.500000 0.281949
v -0.186060 -0.500000 0.261959
v -0.229264 -0.500000 0.237175
v -0.268504 -0.500000 0.208023
vn 0.9974 0.0716 -0.0000
vn -0.0632 -0.2571 -0.9643
vn 0.9643 -0.2571 0.0632
vn -0.0000 1.0000 -0.0000
vn -0.0000 0.2545 0.9671
vn -0.9870 0.1606 -0.0000
vn 0.9478 -0.2571 -0.1885
vn -0.0000 0.2552 -0.9669
vn 0.1885 -0.2571 0.9478
vn -0.0000 0.2609 -0.9654
vn -0.0632 -0.2571 0.9643
vn -0.9478 -0.2571 -0.1885
vn 0.9662 0.2577 -0.0000
vn 0.1885 -0.2571 -0.9478
vn -0.9986 -0.0527 -0.0000
vn -0.0000 0.2577 0.9662
vn 0.2522 0.9664 0.0502
vn 0.3871 -0.9188 0.0770
vn 0.5533 0.8257 0.1101
vn 0.4170 -0.9051 0.0829
vn 0.6085 0.7842 0.1210
vn 0.4514 -0.8878 0.0898
vn 0.6716 0.7288 0.1336
vn 0.4909 -0.8657 0.0976
vn 0.7418 0.6541 0.1476
vn 0.5366 -0.8371 0.1067
vn 0.8166 0.5539 0.1624
vn 0.5893 -0.7994 0.1172
vn 0.8891 0.4221 0.1769
vn 0.6497 -0.7491 0.1292
vn 0.9478 0.2571 0.1885
vn 0.7177 -0.6815 0.1428
vn 0.9446 -0.2691 0.1879
vn 0.8464 -0.5052 0.1684
vn 0.9753 -0.1058 0.1940
vn 0.9024 -0.3917 0.1795
vn 0.0168 0.9664 -0.2566
vn 0.0258 -0.9188 -0.3938
vn 0.0369 0.8257 -0.5630
vn 0.0278 -0.9051 -0.4243
vn 0.0406 0.7842 -0.6191
vn 0.0301 -0.8878 -0.4592
vn 0.0448 0.7288 -0.6833
vn 0.0327 -0.8657 -0.4995
vn 0.0495 0.6541 -0.7548
vn 0.0358 -0.8371 -0.5459
vn 0.0545 0.5539 -0.8308
vn 0.0393 -0.7994 -0.5995
vn 0.0593 0.4221 -0.9046
vn 0.0433 -0.7491 -0.6610
vn 0.0632 0.2571 -0.9643
vn 0.0479 -0.6815 -0.7302
vn 0.0630 -0.2691 -0.9611
vn 0.0564 -0.5052 -0.8612
vn 0.0650 -0.1058 -0.9923
vn 0.0602 -0.3917 -0.9181
vn -0.2566 0.9664 0.0168
vn -0.3938 -0.9188 0.0258
vn -0.5630 0.8257 0.0369
vn -0.4243 -0.9051 0.0278
vn -0.6191 0.7842 0.0406
vn -0.4592 -0.8878 0.0301
vn -0.6833 0.7288 0.0448
vn -0.4995 -0.8657 0.0327
vn -0.7548 0.6541 0.0495
vn -0.5459 -0.8371 0.0358
vn -0.8308 0.5539 0.0545
vn -0.5995 -0.7994 0.0393
vn -0.9046 0.4221 0.0593
vn -0.6610 -0.7491 0.0433
vn -0.9643 0.2571 0.0632
vn -0.7302 -0.6815 0.0479
vn -0.9611 -0.2691 0.0630
vn -0.8611 -0.5052 0.0565
vn -0.9923 -0.1058 0.0650
vn -0.9181 -0.3917 0.0602
vn 0.2435 0.9664 0.0826
vn 0.3737 -0.9188 0.1269
vn 0.5342 0.8257 0.1813
vn 0.4026 -0.9051 0.1367
vn 0.5875 0.7842 0.1994
vn 0.4358 -0.8878 0.1479
vn 0.6484 0.7288 0.2201
vn 0.4740 -0.8657 0.1609
vn 0.7162 0.6541 0.2431
vn 0.5181 -0.8371 0.1759
vn 0.7884 0.5539 0.2676
vn 0.5689 -0.7994 0.1931
vn 0.8584 0.4221 0.2914
vn 0.6273 -0.7491 0.2129
vn 0.9151 0.2571 0.3106
vn 0.6929 -0.6815 0.2352
vn 0.9120 -0.2691 0.3096
vn 0.8172 -0.5052 0.2774
vn 0.9416 -0.1058 0.3196
vn 0.8713 -0.3917 0.2958
vn 0.0502 0.9664 -0.2522
vn 0.0770 -0.9188 -0.3871
vn 0.1101 0.8257 -0.5533
vn 0.0829 -0.9051 -0.4170
vn 0.1210 0.7842 -0.6085
vn 0.0898 -0.8878 -0.4514
vn 0.1336 0.7288 -0.6716
vn 0.0976 -0.8657 -0.4909
vn 0.1476 0.6541 -0.7419
vn 0.1067 -0.8371 -0.5366
vn 0.1624 0.5539 -0.8166
vn 0.1172 -0.7994 -0.5893
vn 0.1769 0.4221 -0.8891
vn 0.1292 -0.7491 -0.6497
vn 0.1885 0.2571 -0.9478
vn 0.1428 -0.6815 -0.7177
vn 0.1879 -0.2691 -0.9446
vn 0.1684 -0.5052 -0.8464
vn 0.1940 -0.1058 -0.9753
vn 0.1795 -0.3917 -0.9024
vn -0.2566 0.9664 -0.0168
vn -0.3938 -0.9188 -0.0258
vn -0.5630 0.8257 -0.0369
vn -0.4243 -0.9051 -0.0278
vn -0.6191 0.7842 -0.0406
vn -0.4592 -0.8878 -0.0301
vn -0.6833 0.7288 -0.0448
vn -0.4995 -0.8657 -0.0327
vn -0.7548 0.6541 -0.0495
vn -0.5459 -0.8371 -0.0358
vn -0.8308 0.5539 -0.0545
vn -0.5995 -0.7994 -0.0393
vn -0.9046 0.4221 -0.0593
vn -0.6610 -0.7491 -0.0433
vn -0.9643 0.2571 -0.0632
vn -0.7302 -0.6815 -0.0479
vn -0.9611 -0.2691 -0.0630
vn -0.8612 -0.5052 -0.0564
vn -0.9923 -0.1058 -0.0650
vn -0.9181 -0.3917 -0.0602
vn 0.2306 0.9664 0.1137
vn 0.3539 -0.9188 0.1745
vn 0.5060 0.8257 0.2495
vn 0.3813 -0.9051 0.1881
vn 0.5565 0.7842 0.2744
vn 0.4127 -0.8878 0.2035
vn 0.6141 0.7288 0.3028
vn 0.4489 -0.8657 0.2214
vn 0.6784 0.6541 0.3345
vn 0.4907 -0.8371 0.2420
vn 0.7467 0.5539 0.3682
vn 0.5389 -0.7994 0.2657
vn 0.8130 0.4221 0.4009
vn 0.5941 -0.7491 0.2930
vn 0.8667 0.2571 0.4274
vn 0.6563 -0.6815 0.3237
vn 0.8638 -0.2691 0.4260
vn 0.7740 -0.5052 0.3817
vn 0.8918 -0.1058 0.4398
vn 0.8252 -0.3917 0.4069
vn 0.0826 0.9664 -0.2435
vn 0.1269 -0.9188 -0.3737
vn 0.1813 0.8257 -0.5342
vn 0.1367 -0.9051 -0.4026
vn 0.1994 0.7842 -0.5875
vn 0.1479 -0.8878 -0.4358
vn 0.2201 0.7288 -0.6484
vn 0.1609 -0.8657 -0.4740
vn 0.2431 0.6541 -0.7162
vn 0.1759 -0.8371 -0.5181
vn 0.2676 0.5539 -0.7884
vn 0.1931 -0.7994 -0.5689
vn 0.2914 0.4221 -0.8584
vn 0.2129 -0.7491 -0.6273
vn 0.3106 0.2571 -0.9151
vn 0.2352 -0.6815 -0.6929
vn 0.3096 -0.2691 -0.9120
vn 0.2774 -0.5052 -0.8172
vn 0.3196 -0.1058 -0.9416
vn 0.2958 -0.3917 -0.8713
vn -0.2522 0.9664 -0.0502
vn -0.3871 -0.9188 -0.0770
vn -0.5533 0.8257 -0.1101
vn -0.4170 -0.9051 -0.0829
vn -0.6085 0.7842 -0.1210
vn -0.4514 -0.8878 -0.0898
vn -0.6716 0.7288 -0.1336
vn -0.4909 -0.8657 -0.0976
vn -0.7418 0.6541 -0.1476
vn -0.5366 -0.8371 -0.1067
vn -0.8166 0.5539 -0.1624
vn -0.5893 -0.7994 -0.1172
vn -0.8891 0.4221 -0.1769
vn -0.6497 -0.7491 -0.1292
vn -0.9478 0.2571 -0.1885
vn -0.7177 -0.6815 -0.1428
vn -0.9446 -0.2691 -0.1879
vn -0.8464 -0.5052 -0.1684
vn -0.9753 -0.1058 -0.1940
vn -0.9024 -0.3917 -0.1795
vn 0.2138 0.9664 0.1428
vn 0.3281 -0.9188 0.2192
vn 0.4691 0.8257 0.3134
vn 0.3535 -0.9051 0.2362
vn 0.5159 0.7842 0.3447
vn 0.3826 -0.8878 0.2557
vn 0.5693 0.7288 0.3804
vn 0.4162 -0.8657 0.2781
vn 0.6289 0.6541 0.4202
vn 0.4549 -0.8371 0.3039
vn 0.6923 0.5539 0.4626
vn 0.4996 -0.7994 0.3338
vn 0.7538 0.4221 0.5036
vn 0.5508 -0.7491 0.3680
vn 0.8035 0.2571 0.5369
vn 0.6085 -0.6815 0.4066
vn 0.8008 -0.2691 0.5351
vn 0.7176 -0.5052 0.4795
vn 0.8268 -0.1058 0.5524
vn 0.7650 -0.3917 0.5112
vn -0.0168 0.9664 0.2566
vn -0.0258 -0.9188 0.3938
vn -0.0369 0.8257 0.5630
vn -0.0278 -0.9051 0.4243
vn -0.0406 0.7842 0.6191
vn -0.0301 -0.8878 0.4592
vn -0.0448 0.7288 0.6833
vn -0.0327 -0.8657 0.4995
vn -0.0495 0.6541 0.7548
vn -0.0358 -0.8371 0.5459
vn -0.0545 0.5539 0.8308
vn -0.0393 -0.7994 0.5995
vn -0.0593 0.4221 0.9046
vn -0.0433 -0.7491 0.6610
vn -0.0632 0.2571 0.9643
vn -0.0479 -0.6815 0.7302
vn -0.0630 -0.2691 0.9611
vn -0.0564 -0.5052 0.8612
vn -0.0650 -0.1058 0.9923
vn -0.0602 -0.3917 0.9181
vn 0.1137 0.9664 -0.2306
vn 0.1745 -0.9188 -0.3539
vn 0.2495 0.8257 -0.5060
vn 0.1881 -0.9051 -0.3813
vn 0.2744 0.7842 -0.5565
vn 0.2035 -0.8878 -0.4127
vn 0.3028 0.7288 -0.6141
vn 0.2214 -0.8657 -0.4489
vn 0.3345 0.6541 -0.6784
vn 0.2420 -0.8371 -0.4907
vn 0.3682 0.5539 -0.7467
vn 0.2657 -0.7994 -0.5389
vn 0.4009 0.4221 -0.8130
vn 0.2930 -0.7491 -0.5941
vn 0.4274 0.2571 -0.8667
vn 0.3237 -0.6815 -0.6563
vn 0.4260 -0.2691 -0.8638
vn 0.3817 -0.5052 -0.7740
vn 0.4398 -0.1058 -0.8918
vn 0.4069 -0.3917 -0.8252
vn -0.2435 0.9664 -0.0826
vn -0.3737 -0.9188 -0.1269
vn -0.5342 0.8257 -0.1813
vn -0.4026 -0.9051 -0.1367
vn -0.5875 0.7842 -0.1994
vn -0.4358 -0.8878 -0.1479
vn -0.6484 0.7288 -0.2201
vn -0.4740 -0.8657 -0.1609
vn -0.7162 0.6541 -0.2431
vn -0.5181 -0.8371 -0.1759
vn -0.7884 0.5539 -0.2676
vn -0.5689 -0.7994 -0.1931
vn -0.8584 0.4221 -0.2914
vn -0.6273 -0.7491 -0.2129
vn -0.9151 0.2571 -0.3106
vn -0.6929 -0.6815 -0.2352
vn -0.9120 -0.2691 -0.3096
vn -0.8172 -0.5052 -0.2774
vn -0.9416 -0.1058 -0.3196
vn -0.8713 -0.3917 -0.2958
vn 0.1933 0.9664 0.1695
vn 0.2967 -0.9188 0.2602
vn 0.4242 0.8257 0.3720
vn 0.3197 -0.9051 0.2803
vn 0.4665 0.7842 0.4091
vn 0.3460 -0.8878 0.3034
vn 0.5148 0.7288 0.4515
vn 0.3763 -0.8657 0.3300
vn 0.5687 0.6541 0.4987
vn 0.4113 -0.8371 0.3607
vn 0.6260 0.5539 0.5490
vn 0.4517 -0.7994 0.3961
vn 0.6816 0.4221 0.5977
vn 0.4980 -0.7491 0.4368
vn 0.7266 0.2571 0.6372
vn 0.5502 -0.6815 0.4825
vn 0.7241 -0.2691 0.6350
vn 0.6488 -0.5052 0.5690
vn 0.7476 -0.1058 0.6556
vn 0.6918 -0.3917 0.6067
vn -0.0502 0.9664 0.2522
vn -0.0770 -0.9188 0.3871
vn -0.1101 0.8257 0.5533
vn -0.0829 -0.9051 0.4170
vn -0.1210 0.7842 0.6085
vn -0.0898 -0.8878 0.4514
vn -0.1336 0.7288 0.6716
vn -0.0976 -0.8657 0.4909
vn -0.1476 0.6541 0.7418
vn -0.1067 -0.8371 0.5366
vn -0.1624 0.5539 0.8166
vn -0.1172 -0.7994 0.5893
vn -0.1769 0.4221 0.8891
vn -0.1292 -0.7491 0.6497
vn -0.1885 0.2571 0.9478
vn -0.1428 -0.6815 0.7177
vn -0.1879 -0.2691 0.9446
vn -0.1684 -0.5052 0.8464
vn -0.1940 -0.1058 0.9753
vn -0.1795 -0.3917 0.9024
vn 0.1428 0.9664 -0.2138
vn 0.2192 -0.9188 -0.3281
vn 0.3134 0.8257 -0.4691
vn 0.2362 -0.9051 -0.3535
vn 0.3447 0.7842 -0.5159
vn 0.2557 -0.8878 -0.3826
vn 0.3804 0.7288 -0.5693
vn 0.2781 -0.8657 -0.4162
vn 0.4202 0.6541 -0.6289
vn 0.3039 -0.8371 -0.4549
vn 0.4626 0.5539 -0.6923
vn 0.3338 -0.7994 -0.4996
vn 0.5036 0.4221 -0.7538
vn 0.3680 -0.7491 -0.5508
vn 0.5369 0.2571 -0.8035
vn 0.4066 -0.6815 -0.6085
vn 0.5351 -0.2691 -0.8008
vn 0.4795 -0.5052 -0.7176
vn 0.5524 -0.1058 -0.8268
vn 0.5112 -0.3917 -0.7650
vn -0.2306 0.9664 -0.1137
vn -0.3539 -0.9188 -0.1745
vn -0.5060 0.8257 -0.2495
vn -0.3813 -0.9051 -0.1881
vn -0.5565 0.7842 -0.2744
vn -0.4127 -0.8878 -0.2035
vn -0.6141 0.7288 -0.3028
vn -0.4489 -0.8657 -0.2214
vn -0.6784 0.6541 -0.3345
vn -0.4907 -0.8371 -0.2420
vn -0.7467 0.5539 -0.3682
vn -0.5389 -0.7994 -0.2657
vn -0.8130 0.4221 -0.4009
vn -0.5941 -0.7491 -0.2930
vn -0.8667 0.2571 -0.4274
vn -0.6563 -0.6815 -0.3237
vn -0.8638 -0.2691 -0.4260
vn -0.7740 -0.5052 -0.3817
vn -0.8918 -0.1058 -0.4398
vn -0.8252 -0.3917 -0.4069
vn 0.1695 0.9664 0.1933
vn 0.2602 -0.9188 0.2967
vn 0.3720 0.8257 0.4242
vn 0.2803 -0.9051 0.3197
vn 0.4091 0.7842 0.4665
vn 0.3034 -0.8878 0.3460
vn 0.4515 0.7288 0.5148
vn 0.3300 -0.8657 0.3763
vn 0.4987 0.6541 0.5687
vn 0.3607 -0.8371 0.4113
vn 0.5490 0.5539 0.6260
vn 0.3962 -0.7994 0.4517
vn 0.5977 0.4221 0.6816
vn 0.4368 -0.7491 0.4980
vn 0.6372 0.2571 0.7266
vn 0.4825 -0.6815 0.5502
vn 0.6350 -0.2691 0.7241
vn 0.5690 -0.5052 0.6488
vn 0.6556 -0.1058 0.7476
vn 0.6067 -0.3917 0.6918
vn -0.0826 0.9664 0.2435
vn -0.1269 -0.9188 0.3737
vn -0.1813 0.8257 0.5342
vn -0.1367 -0.9051 0.4026
vn -0.1994 0.7842 0.5875
vn -0.1479 -0.8878 0.4358
vn -0.2201 0.7288 0.6484
vn -0.1609 -0.8657 0.4740
vn -0.2431 0.6541 0.7162
vn -0.1759 -0.8371 0.5181
vn -0.2676 0.5539 0.7884
vn -0.1931 -0.7994 0.5689
vn -0.2914 0.4221 0.8584
vn -0.2129 -0.7491 0.6273
vn -0.3106 0.2571 0.9151
vn -0.2352 -0.6815 0.6929
vn -0.3096 -0.2691 0.9120
vn -0.2774 -0.5052 0.8172
vn -0.3196 -0.1058 0.9416
vn -0.2958 -0.3917 0.8713
vn 0.1695 0.9664 -0.1933
vn 0.2602 -0.9188 -0.2967
vn 0.3720 0.8257 -0.4242
vn 0.2803 -0.9051 -0.3197
vn 0.4091 0.7842 -0.4665
vn 0.3034 -0.8878 -0.3460
vn 0.4515 0.7288 -0.5148
vn 0.3300 -0.8657 -0.3763
vn 0.4987 0.6541 -0.5687
vn 0.3607 -0.8371 -0.4113
vn 0.5490 0.5539 -0.6260
vn 0.3962 -0.7994 -0.4517
vn 0.5977 0.4221 -0.6816
vn 0.4368 -0.7491 -0.4980
vn 0.6372 0.2571 -0.7266
vn 0.4825 -0.6815 -0.5502
vn 0.6350 -0.2691 -0.7241
vn 0.5690 -0.5052 -0.6488
vn 0.6556 -0.1058 -0.7476
vn 0.6067 -0.3917 -0.6918
vn -0.2138 0.9664 -0.1428
vn -0.3281 -0.9188 -0.2192
vn -0.4691 0.8257 -0.3134
vn -0.3535 -0.9051 -0.2362
vn -0.5159 0.7842 -0.3447
vn -0.3826 -0.8878 -0.2557
vn -0.5693 0.7288 -0.3804
vn -0.4162 -0.8657 -0.2781
vn -0.6289 0.6541 -0.4202
vn -0.4549 -0.8371 -0.3039
vn -0.6923 0.5539 -0.4626
vn -0.4996 -0.7994 -0.3338
vn -0.7538 0.4221 -0.5036
vn -0.5508 -0.7491 -0.3680
vn -0.8035 0.2571 -0.5369
vn -0.6085 -0.6815 -0.4066
vn -0.8008 -0.2691 -0.5351
vn -0.7176 -0.5052 -0.4795
vn -0.8268 -0.1058 -0.5525
vn -0.7650 -0.3917 -0.5112
vn 0.1428 0.9664 0.2138
vn 0.2192 -0.9188 0.3281
vn 0.3134 0.8257 0.4691
vn 0.2362 -0.9051 0.3535
vn 0.3447 0.7842 0.5159
vn 0.2557 -0.8878 0.3826
vn 0.3804 0.7288 0.5693
vn 0.2781 -0.8657 0.4162
vn 0.4202 0.6541 0.6289
vn 0.3039 -0.8371 0.4549
vn 0.4626 0.5539 0.6923
vn 0.3338 -0.7994 0.4996
vn 0.5036 0.4221 0.7538
vn 0.3680 -0.7491 0.5508
vn 0.5369 0.2571 0.8035
vn 0.4066 -0.6815 0.6085
vn 0.5351 -0.2691 0.8008
vn 0.4795 -0.5052 0.7176
vn 0.5525 -0.1058 0.8268
vn 0.5112 -0.3917 0.7650
vn -0.1137 0.9664 0.2306
vn -0.1745 -0.9188 0.3539
vn -0.2495 0.8257 0.5060
vn -0.1881 -0.9051 0.3813
vn -0.2744 0.7842 0.5565
vn -0.2035 -0.8878 0.4127
vn -0.3028 0.7288 0.6141
vn -0.2214 -0.8657 0.4489
vn -0.3345 0.6541 0.6784
vn -0.2420 -0.8371 0.4907
vn -0.3682 0.5539 0.7467
vn -0.2657 -0.7994 0.5389
vn -0.4009 0.4221 0.8130
vn -0.2930 -0.7491 0.5941
vn -0.4274 0.2571 0.8667
vn -0.3237 -0.6815 0.6563
vn -0.4260 -0.2691 0.8638
vn -0.3817 -0.5052 0.7740
vn -0.4398 -0.1058 0.8918
vn -0.4070 -0.3917 0.8252
vn 0.1933 0.9664 -0.1695
vn 0.2967 -0.9188 -0.2602
vn 0.4242 0.8257 -0.3720
vn 0.3197 -0.9051 -0.2803
vn 0.4665 0.7842 -0.4091
vn 0.3460 -0.8878 -0.3034
vn 0.5148 0.7288 -0.4515
vn 0.3763 -0.8657 -0.3300
vn 0.5687 0.6541 -0.4987
vn 0.4113 -0.8371 -0.3607
vn 0.6260 0.5539 -0.5490
vn 0.4517 -0.7994 -0.3962
vn 0.6816 0.4221 -0.5977
vn 0.4980 -0.7491 -0.4368
vn 0.7266 0.2571 -0.6372
vn 0.5502 -0.6815 -0.4825
vn 0.7241 -0.2691 -0.6350
vn 0.6488 -0.5052 -0.5690
vn 0.7476 -0.1058 -0.6556
vn 0.6918 -0.3917 -0.6067
vn -0.1933 0.9664 -0.1695
vn -0.2967 -0.9188 -0.2602
vn -0.4242 0.8257 -0.3720
vn -0.3197 -0.9051 -0.2803
vn -0.4665 0.7842 -0.4091
vn -0.3460 -0.8878 -0.3034
vn -0.5148 0.7288 -0.4515
vn -0.3763 -0.8657 -0.3300
vn -0.5687 0.6541 -0.4987
vn -0.4113 -0.8371 -0.3607
vn -0.6260 0.5539 -0.5490
vn -0.4517 -0.7994 -0.3961
vn -0.6816 0.4221 -0.5977
vn -0.4980 -0.7491 -0.4368
vn -0.7266 0.2571 -0.6372
vn -0.5502 -0.6815 -0.4825
vn -0.7241 -0.2691 -0.6350
vn -0.6488 -0.5052 -0.5690
vn -0.7476 -0.1058 -0.6556
vn -0.6918 -0.3917 -0.6067
vn 0.1137 0.9664 0.2306
vn 0.1745 -0.9188 0.3539
vn 0.2495 0.8257 0.5060
vn 0.1881 -0.9051 0.3813
vn 0.2744 0.7842 0.5565
vn 0.2035 -0.8878 0.4127
vn 0.3028 0.7288 0.6141
vn 0.2214 -0.8657 0.4489
vn 0.3345 0.6541 0.6784
vn 0.2420 -0.8371 0.4907
vn 0.3682 0.5539 0.7467
vn 0.2657 -0.7994 0.5389
vn 0.4009 0.4221 0.8130
vn 0.2930 -0.7491 0.5941
vn 0.4274 0.2571 0.8667
vn 0.3237 -0.6815 0.6563
vn 0.4260 -0.2691 0.8638
vn 0.3817 -0.5052 0.7740
vn 0.4398 -0.1058 0.8918
vn 0.4069 -0.3917 0.8252
vn -0.1428 0.9664 0.2138
vn -0.2192 -0.9188 0.3281
vn -0.3134 0.8257 0.4691
vn -0.2362 -0.9051 0.3535
vn -0.3447 0.7842 0.5159
vn -0.2557 -0.8878 0.3826
vn -0.3804 0.7288 0.5693
vn -0.2781 -0.8657 0.4162
vn -0.4202 0.6541 0.6289
vn -0.3039 -0.8371 0.4549
vn -0.4626 0.5539 0.6923
vn -0.3338 -0.7994 0.4996
vn -0.5036 0.4221 0.7538
vn -0.3680 -0.7491 0.5508
vn -0.5369 0.2571 0.8035
vn -0.4066 -0.6815 0.6085
vn -0.5351 -0.2691 0.8008
vn -0.4795 -0.5052 0.7176
vn -0.5525 -0.1058 0.8268
vn -0.5112 -0.3917 0.7650
vn 0.2138 0.9664 -0.1428
vn 0.3281 -0.9188 -0.2192
vn 0.4691 0.8257 -0.3134
vn 0.3535 -0.9051 -0.2362
vn 0.5159 0.7842 -0.3447
vn 0.3826 -0.8878 -0.2557
vn 0.5693 0.7288 -0.3804
vn 0.4162 -0.8657 -0.2781
vn 0.6289 0.6541 -0.4202
vn 0.4549 -0.8371 -0.3039
vn 0.6923 0.5539 -0.4626
vn 0.4996 -0.7994 -0.3338
vn 0.7538 0.4221 -0.5036
vn 0.5508 -0.7491 -0.3680
vn 0.8035 0.2571 -0.5369
vn 0.6085 -0.6815 -0.4066
vn 0.8008 -0.2691 -0.5351
vn 0.7176 -0.5052 -0.4795
vn 0.8268 -0.1058 -0.5525
vn 0.7650 -0.3917 -0.5112
vn -0.1695 0.9664 -0.1933
vn -0.2602 -0.9188 -0.2967
vn -0.3720 0.8257 -0.4242
vn -0.2803 -0.9051 -0.3197
vn -0.4091 0.7842 -0.4665
vn -0.3034 -0.8878 -0.3460
vn -0.4515 0.7288 -0.5148
vn -0.3300 -0.8657 -0.3763
vn -0.4987 0.6541 -0.5687
vn -0.3607 -0.8371 -0.4113
vn -0.5490 0.5539 -0.6260
vn -0.3962 -0.7994 -0.4517
vn -0.5977 0.4221 -0.6816
vn -0.4368 -0.7491 -0.4980
vn -0.6372 0.2571 -0.7266
vn -0.4825 -0.6815 -0.5502
vn -0.6350 -0.2691 -0.7241
vn -0.5690 -0.5052 -0.6488
vn -0.6556 -0.1058 -0.7476
vn -0.6067 -0.3917 -0.6918
vn 0.0826 0.9664 0.2435
vn 0.1269 -0.9188 0.3737
vn 0.1813 0.8257 0.5342
vn 0.1367 -0.9051 0.4026
vn 0.1994 0.7842 0.5875
vn 0.1479 -0.8878 0.4358
vn 0.2201 0.7288 0.6484
vn 0.1609 -0.8657 0.4740
vn 0.2431 0.6541 0.7162
vn 0.1759 -0.8371 0.5181
vn 0.2676 0.5539 0.7884
vn 0.1931 -0.7994 0.5689
vn 0.2914 0.4221 0.8584
vn 0.2129 -0.7491 0.6273
vn 0.3106 0.2571 0.9151
vn 0.2352 -0.6815 0.6929
vn 0.3096 -0.2691 0.9120
vn 0.2774 -0.5052 0.8172
vn 0.3196 -0.1058 0.9416
vn 0.2958 -0.3917 0.8713
vn -0.1695 0.9664 0.1933
vn -0.2602 -0.9188 0.2967
vn -0.3720 0.8257 0.4242
vn -0.2803 -0.9051 0.3197
vn -0.4091 0.7842 0.4665
vn -0.3034 -0.8878 0.3460
vn -0.4515 0.7288 0.5148
vn -0.3300 -0.8657 0.3763
vn -0.4987 0.6541 0.5687
vn -0.3607 -0.8371 0.4113
vn -0.5490 0.5539 0.6260
vn -0.3962 -0.7994 0.4517
vn -0.5977 0.4221 0.6816
vn -0.4368 -0.7491 0.4980
vn -0.6372 0.2571 0.7266
vn -0.4825 -0.6815 0.5502
vn -0.6350 -0.2691 0.7241
vn -0.5690 -0.5052 0.6488
vn -0.6556 -0.1058 0.7476
vn -0.6066 -0.3917 0.6918
vn 0.2306 0.9664 -0.1137
vn 0.3539 -0.9188 -0.1745
vn 0.5060 0.8257 -0.2495
vn 0.3813 -0.9051 -0.1881
vn 0.5565 0.7842 -0.2744
vn 0.4127 -0.8878 -0.2035
vn 0.6141 0.7288 -0.3028
vn 0.4489 -0.8657 -0.2214
vn 0.6784 0.6541 -0.3345
vn 0.4907 -0.8371 -0.2420
vn 0.7467 0.5539 -0.3682
vn 0.5389 -0.7994 -0.2657
vn 0.8130 0.4221 -0.4009
vn 0.5941 -0.7491 -0.2930
vn 0.8667 0.2571 -0.4274
vn 0.6563 -0.6815 -0.3237
vn 0.8638 -0.2691 -0.4260
vn 0.7740 -0.5052 -0.3817
vn 0.8918 -0.1058 -0.4398
vn 0.8252 -0.3917 -0.4069
vn -0.1428 0.9664 -0.2138
vn -0.2192 -0.9188 -0.3281
vn -0.3134 0.8257 -0.4691
vn -0.2362 -0.9051 -0.3535
vn -0.3447 0.7842 -0.5159
vn -0.2557 -0.8878 -0.3826
vn -0.3804 0.7288 -0.5693
vn -0.2781 -0.8657 -0.4162
vn -0.4202 0.6541 -0.6289
vn -0.3039 -0.8371 -0.4549
vn -0.4626 0.5539 -0.6923
vn -0.3338 -0.7994 -0.4996
vn -0.5036 0.4221 -0.7538
vn -0.3680 -0.7491 -0.5508
vn -0.5369 0.2571 -0.8035
vn -0.4066 -0.6815 -0.6085
vn -0.5351 -0.2691 -0.8008
vn -0.4795 -0.5052 -0.7176
vn -0.5525 -0.1058 -0.8268
vn -0.5112 -0.3917 -0.7650
vn 0.0502 0.9664 0.2522
vn 0.0770 -0.9188 0.3871
vn 0.1101 0.8257 0.5533
vn 0.0829 -0.9051 0.4170
vn 0.1210 0.7842 0.6085
vn 0.0898 -0.8878 0.4514
vn 0.1336 0.7288 0.6716
vn 0.0976 -0.8657 0.4909
vn 0.1476 0.6541 0.7418
vn 0.1067 -0.8371 0.5366
vn 0.1624 0.5539 0.8166
vn 0.1172 -0.7994 0.5893
vn 0.1769 0.4221 0.8891
vn 0.1292 -0.7491 0.6497
vn 0.1885 0.2571 0.9478
vn 0.1428 -0.6815 0.7177
vn 0.1879 -0.2691 0.9446
vn 0.1684 -0.5052 0.8464
vn 0.1940 -0.1058 0.9753
vn 0.1795 -0.3917 0.9024
vn -0.1933 0.9664 0.1695
vn -0.2967 -0.9188 0.2602
vn -0.4242 0.8257 0.3720
vn -0.3197 -0.9051 0.2803
vn -0.4665 0.7842 0.4091
vn -0.3460 -0.8878 0.3034
vn -0.5148 0.7288 0.4515
vn -0.3763 -0.8657 0.3300
vn -0.5687 0.6541 0.4987
vn -0.4113 -0.8371 0.3607
vn -0.6260 0.5539 0.5490
vn -0.4517 -0.7994 0.3962
vn -0.6816 0.4221 0.5977
vn -0.4980 -0.7491 0.4368
vn -0.7266 0.2571 0.6372
vn -0.5502 -0.6815 0.4825
vn -0.7241 -0.2691 0.6350
vn -0.6488 -0.5052 0.5690
vn -0.7476 -0.1058 0.6556
vn -0.6918 -0.3917 0.6067
vn 0.2435 0.9664 -0.0826
vn 0.3737 -0.9188 -0.1269
vn 0.5342 0.8257 -0.1813
vn 0.4026 -0.9051 -0.1367
vn 0.5875 0.7842 -0.1994
vn 0.4358 -0.8878 -0.1479
vn 0.6484 0.7288 -0.2201
vn 0.4740 -0.8657 -0.1609
vn 0.7162 0.6541 -0.2431
vn 0.5181 -0.8371 -0.1759
vn 0.7884 0.5539 -0.2676
vn 0.5689 -0.7994 -0.1931
vn 0.8584 0.4221 -0.2914
vn 0.6273 -0.7491 -0.2129
vn 0.9151 0.2571 -0.3106
vn 0.6929 -0.6815 -0.2352
vn 0.9120 -0.2691 -0.3096
vn 0.8172 -0.5052 -0.2774
vn 0.9416 -0.1058 -0.3196
vn 0.8713 -0.3917 -0.2958
vn -0.1137 0.9664 -0.2306
vn -0.1745 -0.9188 -0.3539
vn -0.2495 0.8257 -0.5060
vn -0.1881 -0.9051 -0.3813
vn -0.2744 0.7842 -0.5565
vn -0.2035 -0.8878 -0.4127
vn -0.3028 0.7288 -0.6141
vn -0.2214 -0.8657 -0.4489
vn -0.3345 0.6541 -0.6784
vn -0.2420 -0.8371 -0.4907
vn -0.3682 0.5539 -0.7467
vn -0.2657 -0.7994 -0.5389
vn -0.4009 0.4221 -0.8130
vn -0.2930 -0.7491 -0.5941
vn -0.4274 0.2571 -0.8667
vn -0.3237 -0.6815 -0.6563
vn -0.4260 -0.2691 -0.8638
vn -0.3817 -0.5052 -0.7740
vn -0.4398 -0.1058 -0.8918
vn -0.4069 -0.3917 -0.8252
vn 0.0168 0.9664 0.2566
vn 0.0258 -0.9188 0.3938
vn 0.0369 0.8257 0.5630
vn 0.0278 -0.9051 0.4243
vn 0.0406 0.7842 0.6191
vn 0.0301 -0.8878 0.4592
vn 0.0448 0.7288 0.6833
vn 0.0327 -0.8657 0.4995
vn 0.0495 0.6541 0.7548
vn 0.0358 -0.8371 0.5459
vn 0.0545 0.5539 0.8308
vn 0.0393 -0.7994 0.5995
vn 0.0593 0.4221 0.9046
vn 0.0433 -0.7491 0.6610
vn 0.0632 0.2571 0.9643
vn 0.0478 -0.6815 0.7302
vn 0.0630 -0.2691 0.9611
vn 0.0564 -0.5052 0.8612
vn 0.0650 -0.1058 0.9923
vn 0.0602 -0.3917 0.9181
vn -0.2138 0.9664 0.1428
vn -0.3281 -0.9188 0.2192
vn -0.4691 0.8257 0.3134
vn -0.3535 -0.9051 0.2362
vn -0.5159 0.7842 0.3447
vn -0.3826 -0.8878 0.2557
vn -0.5693 0.7288 0.3804
vn -0.4162 -0.8657 0.2781
vn -0.6289 0.6541 0.4202
vn -0.4549 -0.8371 0.3039
vn -0.6923 0.5539 0.4626
vn -0.4996 -0.7994 0.3338
vn -0.7538 0.4221 0.5036
vn -0.5508 -0.7491 0.3680
vn -0.8035 0.2571 0.5369
vn -0.6085 -0.6815 0.4066
vn -0.8008 -0.2691 0.5351
vn -0.7176 -0.5052 0.4795
vn -0.8268 -0.1058 0.5525
vn -0.7650 -0.3917 0.5112
vn 0.2522 0.9664 -0.0502
vn 0.3871 -0.9188 -0.0770
vn 0.5533 0.8257 -0.1101
vn 0.4170 -0.9051 -0.0829
vn 0.6085 0.7842 -0.1210
vn 0.4514 -0.8878 -0.0898
vn 0.6716 0.7288 -0.1336
vn 0.4909 -0.8657 -0.0976
vn 0.7419 0.6541 -0.1476
vn 0.5366 -0.8371 -0.1067
vn 0.8166 0.5539 -0.1624
vn 0.5893 -0.7994 -0.1172
vn 0.8891 0.4221 -0.1769
vn 0.6497 -0.7491 -0.1292
vn 0.9478 0.2571 -0.1885
vn 0.7177 -0.6815 -0.1428
vn 0.9446 -0.2691 -0.1879
vn 0.8464 -0.5052 -0.1684
vn 0.9753 -0.1058 -0.1940
vn 0.9024 -0.3917 -0.1795
vn -0.0826 0.9664 -0.2435
vn -0.1269 -0.9188 -0.3737
vn -0.1813 0.8257 -0.5342
vn -0.1367 -0.9051 -0.4026
vn -0.1994 0.7842 -0.5875
vn -0.1479 -0.8878 -0.4358
vn -0.2201 0.7288 -0.6484
vn -0.1609 -0.8657 -0.4740
vn -0.2431 0.6541 -0.7162
vn -0.1759 -0.8371 -0.5181
vn -0.2676 0.5539 -0.7884
vn -0.1931 -0.7994 -0.5689
vn -0.2914 0.4221 -0.8584
vn -0.2129 -0.7491 -0.6273
vn -0.3106 0.2571 -0.9151
vn -0.2352 -0.6815 -0.6929
vn -0.3096 -0.2691 -0.9120
vn -0.2774 -0.5052 -0.8172
vn -0.3196 -0.1058 -0.9416
vn -0.2958 -0.3917 -0.8713
vn -0.2306 0.9664 0.1137
vn -0.3539 -0.9188 0.1745
vn -0.5060 0.8257 0.2495
vn -0.3813 -0.9051 0.1881
vn -0.5565 0.7842 0.2744
vn -0.4127 -0.8878 0.2035
vn -0.6141 0.7288 0.3028
vn -0.4489 -0.8657 0.2214
vn -0.6784 0.6541 0.3345
vn -0.4907 -0.8371 0.2420
vn -0.7467 0.5539 0.3682
vn -0.5389 -0.7994 0.2657
vn -0.8130 0.4221 0.4009
vn -0.5941 -0.7491 0.2930
vn -0.8667 0.2571 0.4274
vn -0.6563 -0.6815 0.3237
vn -0.8638 -0.2691 0.4260
vn -0.7740 -0.5052 0.3817
vn -0.8918 -0.1058 0.4398
vn -0.8252 -0.3917 0.4069
vn 0.2566 0.9664 -0.0168
vn 0.3938 -0.9188 -0.0258
vn 0.5630 0.8257 -0.0369
vn 0.4243 -0.9051 -0.0278
vn 0.6191 0.7842 -0.0406
vn 0.4592 -0.8878 -0.0301
vn 0.6833 0.7288 -0.0448
vn 0.4995 -0.8657 -0.0327
vn 0.7548 0.6541 -0.0495
vn 0.5459 -0.8371 -0.0358
vn 0.8308 0.5539 -0.0545
vn 0.5995 -0.7994 -0.0393
vn 0.9046 0.4221 -0.0593
vn 0.6610 -0.7491 -0.0433
vn 0.9643 0.2571 -0.0632
vn 0.7302 -0.6815 -0.0479
vn 0.9611 -0.2691 -0.0630
vn 0.8611 -0.5052 -0.0564
vn 0.9923 -0.1058 -0.0650
vn 0.9181 -0.3917 -0.0602
vn -0.0502 0.9664 -0.2522
vn -0.0770 -0.9188 -0.3871
vn -0.1101 0.8257 -0.5533
vn -0.0829 -0.9051 -0.4170
vn -0.1210 0.7842 -0.6085
vn -0.0898 -0.8878 -0.4514
vn -0.1336 0.7288 -0.6716
vn -0.0976 -0.8657 -0.4909
vn -0.1476 0.6541 -0.7418
vn -0.1067 -0.8371 -0.5366
vn -0.1624 0.5539 -0.8166
vn -0.1172 -0.7994 -0.5893
vn -0.1769 0.4221 -0.8891
vn -0.1292 -0.7491 -0.6497
vn -0.1885 0.2571 -0.9478
vn -0.1428 -0.6815 -0.7177
vn -0.1879 -0.2691 -0.9446
vn -0.1684 -0.5052 -0.8464
vn -0.1940 -0.1058 -0.9753
vn -0.1795 -0.3917 -0.9024
vn -0.2435 0.9664 0.0826
vn -0.3737 -0.9188 0.1269
vn -0.5342 0.8257 0.1813
vn -0.4026 -0.9051 0.1367
vn -0.5875 0.7842 0.1994
vn -0.4358 -0.8878 0.1479
vn -0.6484 0.7288 0.2201
vn -0.4740 -0.8657 0.1609
vn -0.7162 0.6541 0.2431
vn -0.5181 -0.8371 0.1759
vn -0.7884 0.5539 0.2676
vn -0.5689 -0.7994 0.1931
vn -0.8584 0.4221 0.2914
vn -0.6273 -0.7491 0.2129
vn -0.9151 0.2571 0.3106
vn -0.6929 -0.6815 0.2352
vn -0.9120 -0.2691 0.3096
vn -0.8172 -0.5052 0.2774
vn -0.9416 -0.1058 0.3196
vn -0.8713 -0.3917 0.2958
vn 0.2566 0.9664 0.0168
vn 0.3938 -0.9188 0.0258
vn 0.5630 0.8257 0.0369
vn 0.4243 -0.9051 0.0278
vn 0.6191 0.7842 0.0406
vn 0.4592 -0.8878 0.0301
vn 0.6833 0.7288 0.0448
vn 0.4995 -0.8657 0.0327
vn 0.7548 0.6541 0.0495
vn 0.5459 -0.8371 0.0358
vn 0.8308 0.5539 0.0544
vn 0.5995 -0.7994 0.0393
vn 0.9046 0.4221 0.0593
vn 0.6610 -0.7491 0.0433
vn 0.9643 0.2571 0.0632
vn 0.7302 -0.6815 0.0479
vn 0.9611 -0.2691 0.0630
vn 0.8611 -0.5052 0.0565
vn 0.9923 -0.1058 0.0650
vn 0.9181 -0.3917 0.0602
vn -0.0168 0.9664 -0.2566
vn -0.0258 -0.9188 -0.3938
vn -0.0369 0.8257 -0.5630
vn -0.0278 -0.9051 -0.4243
vn -0.0406 0.7842 -0.6191
vn -0.0301 -0.8878 -0.4592
vn -0.0448 0.7288 -0.6833
vn -0.0327 -0.8657 -0.4995
vn -0.0495 0.6541 -0.7548
vn -0.0358 -0.8371 -0.5459
vn -0.0545 0.5539 -0.8308
vn -0.0393 -0.7994 -0.5995
vn -0.0593 0.4221 -0.9046
vn -0.0433 -0.7491 -0.6610
vn -0.0632 0.2571 -0.9643
vn -0.0478 -0.6815 -0.7302
vn -0.0630 -0.2691 -0.9611
vn -0.0564 -0.5052 -0.8612
vn -0.0650 -0.1058 -0.9923
vn -0.0602 -0.3917 -0.9181
vn -0.2522 0.9664 0.0502
vn -0.3871 -0.9188 0.0770
vn -0.5533 0.8257 0.1101
vn -0.4170 -0.9051 0.0829
vn -0.6085 0.7842 0.1210
vn -0.4514 -0.8878 0.0898
vn -0.6716 0.7288 0.1336
vn -0.4909 -0.8657 0.0976
vn -0.7418 0.6541 0.1476
vn -0.5366 -0.8371 0.1067
vn -0.8166 0.5539 0.1624
vn -0.5893 -0.7994 0.1172
vn -0.8891 0.4221 0.1769
vn -0.6497 -0.7491 0.1292
vn -0.9478 0.2571 0.1885
vn -0.7177 -0.6815 0.1428
vn -0.9446 -0.2691 0.1879
vn -0.8464 -0.5052 0.1683
vn -0.9753 -0.1058 0.1940
vn -0.9024 -0.3917 0.1795
vn -0.9808 -0.0000 0.1951
vn -0.0654 -0.0000 -0.9979
vn 0.9979 -0.0000 0.0654
vn -0.9469 -0.0000 0.3214
vn -0.1951 -0.0000 -0.9808
vn 0.9979 -0.0000 -0.0654
vn -0.8969 -0.0000 0.4423
vn -0.3214 -0.0000 -0.9469
vn 0.9808 -0.0000 -0.1951
vn -0.8315 -0.0000 0.5556
vn 0.0654 -0.0000 0.9979
vn -0.4423 -0.0000 -0.8969
vn 0.9469 -0.0000 -0.3214
vn -0.7518 -0.0000 0.6593
vn 0.1951 -0.0000 0.9808
vn -0.5556 -0.0000 -0.8315
vn 0.8969 -0.0000 -0.4423
vn -0.6593 -0.0000 0.7518
vn 0.3214 -0.0000 0.9469
vn -0.6593 -0.0000 -0.7518
vn 0.8315 -0.0000 -0.5556
vn -0.5556 -0.0000 0.8315
vn 0.4423 -0.0000 0.8969
vn -0.7518 -0.0000 -0.6593
vn 0.7518 -0.0000 -0.6593
vn -0.4423 -0.0000 0.8969
vn 0.5556 -0.0000 0.8315
vn -0.8315 -0.0000 -0.5556
vn 0.6593 -0.0000 -0.7518
vn -0.3214 -0.0000 0.9469
vn 0.6593 -0.0000 0.7518
vn -0.8969 -0.0000 -0.4423
vn 0.5556 -0.0000 -0.8315
vn -0.1951 -0.0000 0.9808
vn 0.7518 -0.0000 0.6593
vn -0.9469 -0.0000 -0.3214
vn 0.4423 -0.0000 -0.8969
vn -0.0654 -0.0000 0.9979
vn 0.8315 -0.0000 0.5556
vn -0.9808 -0.0000 -0.1951
vn 0.3214 -0.0000 -0.9469
vn 0.8969 -0.0000 0.4423
vn -0.9979 -0.0000 -0.0654
vn 0.1951 -0.0000 -0.9808
vn 0.9469 -0.0000 0.3214
vn -0.9979 -0.0000 0.0654
vn 0.0654 -0.0000 -0.9979
vn 0.9808 -0.0000 0.1951
vn -0.9478 -0.2571 0.1885
vn -0.0000 -0.2577 -0.9662
vn 0.9986 -0.0527 -0.0000
vn -0.9151 -0.2571 0.3106
vn -0.1885 -0.2571 -0.9478
vn 0.9643 -0.2571 -0.0632
vn -0.8667 -0.2571 0.4274
vn -0.3106 -0.2571 -0.9151
vn 0.9870 -0.1606 -0.0000
vn -0.8035 -0.2571 0.5369
vn 0.0632 -0.2571 0.9643
vn -0.4274 -0.2571 -0.8667
vn 0.9151 -0.2571 -0.3106
vn -0.7266 -0.2571 0.6372
vn -0.0000 -0.2609 0.9654
vn -0.5369 -0.2571 -0.8035
vn 0.8667 -0.2571 -0.4274
vn -0.6372 -0.2572 0.7266
vn 0.3106 -0.2571 0.9151
vn -0.6372 -0.2571 -0.7266
vn 0.8035 -0.2571 -0.5369
vn -0.5369 -0.2571 0.8035
vn 0.4274 -0.2571 0.8667
vn -0.7266 -0.2571 -0.6372
vn 0.7266 -0.2571 -0.6372
vn -0.4274 -0.2571 0.8667
vn 0.5369 -0.2571 0.8035
vn -0.8035 -0.2571 -0.5369
vn 0.6372 -0.2571 -0.7266
vn -0.3106 -0.2571 0.9151
vn 0.6372 -0.2572 0.7266
vn -0.8667 -0.2571 -0.4274
vn 0.5369 -0.2571 -0.8035
vn -0.1885 -0.2571 0.9478
vn 0.7266 -0.2571 0.6372
vn -0.9151 -0.2571 -0.3106
vn 0.4274 -0.2571 -0.8667
vn -0.0000 -0.2552 0.9669
vn 0.8035 -0.2571 0.5369
vn -0.9974 -0.0716 -0.0000
vn 0.3106 -0.2571 -0.9151
vn 0.8667 -0.2571 0.4274
vn -0.9643 -0.2571 -0.0632
vn -0.0000 -0.2425 -0.9701
vn 0.9151 -0.2571 0.3106
vn -0.9643 -0.2571 0.0632
vn 0.0632 -0.2571 -0.9643
vn 0.9478 -0.2571 0.1885
vn 0.8464 -0.5052 0.1683
vn 0.0478 -0.6815 -0.7302
vn -0.8308 0.5539 0.0544
vn 0.8713 -0.3917 0.2957
vn 0.1476 0.6541 -0.7418
vn -0.8611 -0.5052 -0.0564
vn -0.7419 0.6541 -0.1476
vn -0.0478 -0.6815 0.7302
vn 0.4070 -0.3917 -0.8252
vn -0.8713 -0.3917 -0.2957
vn 0.4517 -0.7994 0.3962
vn 0.6918 -0.3917 0.6066
vn 0.5525 -0.1058 -0.8268
vn 0.6066 -0.3917 0.6918
vn 0.6067 -0.3917 -0.6917
vn -0.8268 -0.1058 -0.5524
vn 0.5524 -0.1058 0.8268
vn -0.4069 -0.3917 0.8252
vn 0.4517 -0.7994 -0.3961
vn 0.6918 -0.3917 -0.6066
vn -0.4517 -0.7994 -0.3962
vn -0.6918 -0.3917 -0.6066
vn 0.4070 -0.3917 0.8252
vn 0.8268 -0.1058 -0.5524
vn -0.6067 -0.3917 -0.6917
vn -0.5524 -0.1058 -0.8268
vn 0.1476 0.6541 0.7419
vn -0.4517 -0.7994 0.3961
vn -0.6917 -0.3917 0.6067
vn -0.4070 -0.3917 -0.8252
vn 0.0479 -0.6815 0.7302
vn -0.8268 -0.1058 0.5524
vn 0.7418 0.6541 -0.1476
vn 0.8612 -0.5052 -0.0564
vn 0.8308 0.5539 0.0545
vn -0.0479 -0.6815 -0.7302
vn -0.8464 -0.5052 0.1684
vt 0.000000 0.000000
s 0
f 117/1/1 86/1/1 87/1/1
f 156/1/2 74/1/2 157/1/2
f 196/1/3 61/1/3 197/1/3
f 217/1/4 87/1/4 88/1/4
f 237/1/5 74/1/5 75/1/5
f 257/1/6 61/1/6 62/1/6
f 277/1/4 88/1/4 89/1/4
f 297/1/4 75/1/4 76/1/4
f 257/1/7 63/1/7 317/1/7
f 337/1/4 89/1/4 90/1/4
f 377/1/8 49/1/8 50/1/8
f 397/1/4 76/1/4 77/1/4
f 417/1/4 63/1/4 64/1/4
f 437/1/4 90/1/4 91/1/4
f 377/1/9 51/1/9 457/1/9
f 477/1/4 77/1/4 78/1/4
f 497/1/4 64/1/4 65/1/4
f 517/1/4 91/1/4 92/1/4
f 537/1/4 51/1/4 52/1/4
f 557/1/4 78/1/4 79/1/4
f 577/1/4 65/1/4 66/1/4
f 597/1/4 92/1/4 93/1/4
f 617/1/4 52/1/4 53/1/4
f 637/1/4 79/1/4 80/1/4
f 657/1/4 66/1/4 67/1/4
f 677/1/4 93/1/4 94/1/4
f 697/1/4 53/1/4 54/1/4
f 717/1/4 80/1/4 81/1/4
f 737/1/4 67/1/4 68/1/4
f 757/1/4 94/1/4 95/1/4
f 777/1/4 54/1/4 55/1/4
f 797/1/4 81/1/4 82/1/4
f 817/1/4 68/1/4 69/1/4
f 837/1/10 95/1/10 96/1/10
f 857/1/4 55/1/4 56/1/4
f 877/1/4 82/1/4 83/1/4
f 897/1/4 69/1/4 70/1/4
f 837/1/11 49/1/11 376/1/11
f 917/1/4 56/1/4 57/1/4
f 877/1/12 84/1/12 937/1/12
f 957/1/4 70/1/4 71/1/4
f 977/1/4 57/1/4 58/1/4
f 997/1/13 84/1/13 85/1/13
f 957/1/14 72/1/14 1017/1/14
f 1037/1/4 58/1/4 59/1/4
f 116/1/15 85/1/15 86/1/15
f 156/1/16 72/1/16 73/1/16
f 196/1/6 59/1/6 60/1/6
f 11/1/17 177/1/17 12/1/17
f 1056/1/18 178/1/18 177/1/18
f 1055/1/19 179/1/19 178/1/19
f 1054/1/20 180/1/20 179/1/20
f 180/1/21 1052/1/21 181/1/21
f 1052/1/22 182/1/22 181/1/22
f 182/1/23 1050/1/23 183/1/23
f 1050/1/24 184/1/24 183/1/24
f 1049/1/25 185/1/25 184/1/25
f 1048/1/26 186/1/26 185/1/26
f 1047/1/27 187/1/27 186/1/27
f 1046/1/28 188/1/28 187/1/28
f 1045/1/29 189/1/29 188/1/29
f 1044/1/30 190/1/30 189/1/30
f 1043/1/31 191/1/31 190/1/31
f 1042/1/32 192/1/32 191/1/32
f 1041/1/33 193/1/33 192/1/33
f 1040/1/34 194/1/34 193/1/34
f 1039/1/35 195/1/35 194/1/35
f 1038/1/36 196/1/36 195/1/36
f 24/1/37 137/1/37 25/1/37
f 137/1/38 1035/1/38 138/1/38
f 138/1/39 1034/1/39 139/1/39
f 1034/1/40 140/1/40 139/1/40
f 140/1/41 1032/1/41 141/1/41
f 1032/1/42 142/1/42 141/1/42
f 142/1/43 1030/1/43 143/1/43
f 1030/1/44 144/1/44 143/1/44
f 1029/1/45 145/1/45 144/1/45
f 1028/1/46 146/1/46 145/1/46
f 1027/1/47 147/1/47 146/1/47
f 1026/1/48 148/1/48 147/1/48
f 1025/1/49 149/1/49 148/1/49
f 1024/1/50 150/1/50 149/1/50
f 1023/1/51 151/1/51 150/1/51
f 1022/1/52 152/1/52 151/1/52
f 1021/1/53 153/1/53 152/1/53
f 1020/1/54 154/1/54 153/1/54
f 1019/1/55 155/1/55 154/1/55
f 1018/1/56 156/1/56 155/1/56
f 38/1/57 1016/1/57 97/1/57
f 1016/1/58 98/1/58 97/1/58
f 98/1/59 1014/1/59 99/1/59
f 1014/1/60 100/1/60 99/1/60
f 100/1/61 1012/1/61 101/1/61
f 1012/1/62 102/1/62 101/1/62
f 102/1/63 1010/1/63 103/1/63
f 1010/1/64 104/1/64 103/1/64
f 1009/1/65 105/1/65 104/1/65
f 1008/1/66 106/1/66 105/1/66
f 1007/1/67 107/1/67 106/1/67
f 1006/1/68 108/1/68 107/1/68
f 1005/1/69 109/1/69 108/1/69
f 1004/1/70 110/1/70 109/1/70
f 1003/1/71 111/1/71 110/1/71
f 1002/1/72 112/1/72 111/1/72
f 1001/1/73 113/1/73 112/1/73
f 1000/1/74 114/1/74 113/1/74
f 999/1/75 115/1/75 114/1/75
f 998/1/76 116/1/76 115/1/76
f 10/1/77 1056/1/77 11/1/77
f 996/1/78 1055/1/78 1056/1/78
f 1055/1/79 994/1/79 1054/1/79
f 994/1/80 1053/1/80 1054/1/80
f 1053/1/81 992/1/81 1052/1/81
f 992/1/82 1051/1/82 1052/1/82
f 1051/1/83 990/1/83 1050/1/83
f 1050/1/84 989/1/84 1049/1/84
f 1049/1/85 988/1/85 1048/1/85
f 988/1/86 1047/1/86 1048/1/86
f 987/1/87 1046/1/87 1047/1/87
f 986/1/88 1045/1/88 1046/1/88
f 985/1/89 1044/1/89 1045/1/89
f 1044/1/90 983/1/90 1043/1/90
f 983/1/91 1042/1/91 1043/1/91
f 982/1/92 1041/1/92 1042/1/92
f 1041/1/93 980/1/93 1040/1/93
f 1040/1/94 979/1/94 1039/1/94
f 979/1/95 1038/1/95 1039/1/95
f 978/1/96 1037/1/96 1038/1/96
f 23/1/97 1036/1/97 24/1/97
f 1036/1/98 975/1/98 1035/1/98
f 975/1/99 1034/1/99 1035/1/99
f 1034/1/100 973/1/100 1033/1/100
f 973/1/101 1032/1/101 1033/1/101
f 1032/1/102 971/1/102 1031/1/102
f 971/1/103 1030/1/103 1031/1/103
f 1030/1/104 969/1/104 1029/1/104
f 969/1/105 1028/1/105 1029/1/105
f 1028/1/106 967/1/106 1027/1/106
f 967/1/107 1026/1/107 1027/1/107
f 1026/1/108 965/1/108 1025/1/108
f 965/1/109 1024/1/109 1025/1/109
f 964/1/110 1023/1/110 1024/1/110
f 1023/1/111 962/1/111 1022/1/111
f 962/1/112 1021/1/112 1022/1/112
f 961/1/113 1020/1/113 1021/1/113
f 960/1/114 1019/1/114 1020/1/114
f 959/1/115 1018/1/115 1019/1/115
f 958/1/116 1017/1/116 1018/1/116
f 36/1/117 1016/1/117 37/1/117
f 1016/1/118 955/1/118 1015/1/118
f 1015/1/119 954/1/119 1014/1/119
f 954/1/120 1013/1/120 1014/1/120
f 1013/1/121 952/1/121 1012/1/121
f 952/1/122 1011/1/122 1012/1/122
f 1011/1/123 950/1/123 1010/1/123
f 950/1/124 1009/1/124 1010/1/124
f 1009/1/125 948/1/125 1008/1/125
f 948/1/126 1007/1/126 1008/1/126
f 947/1/127 1006/1/127 1007/1/127
f 1006/1/128 945/1/128 1005/1/128
f 945/1/129 1004/1/129 1005/1/129
f 1004/1/130 943/1/130 1003/1/130
f 943/1/131 1002/1/131 1003/1/131
f 942/1/132 1001/1/132 1002/1/132
f 941/1/133 1000/1/133 1001/1/133
f 940/1/134 999/1/134 1000/1/134
f 939/1/135 998/1/135 999/1/135
f 938/1/136 997/1/136 998/1/136
f 9/1/137 996/1/137 10/1/137
f 996/1/138 935/1/138 995/1/138
f 935/1/139 994/1/139 995/1/139
f 994/1/140 933/1/140 993/1/140
f 933/1/141 992/1/141 993/1/141
f 992/1/142 931/1/142 991/1/142
f 931/1/143 990/1/143 991/1/143
f 930/1/144 989/1/144 990/1/144
f 929/1/145 988/1/145 989/1/145
f 928/1/146 987/1/146 988/1/146
f 927/1/147 986/1/147 987/1/147
f 986/1/148 925/1/148 985/1/148
f 925/1/149 984/1/149 985/1/149
f 984/1/150 923/1/150 983/1/150
f 923/1/151 982/1/151 983/1/151
f 922/1/152 981/1/152 982/1/152
f 981/1/153 920/1/153 980/1/153
f 920/1/154 979/1/154 980/1/154
f 919/1/155 978/1/155 979/1/155
f 918/1/156 977/1/156 978/1/156
f 23/1/157 916/1/157 976/1/157
f 916/1/158 975/1/158 976/1/158
f 975/1/159 914/1/159 974/1/159
f 914/1/160 973/1/160 974/1/160
f 973/1/161 912/1/161 972/1/161
f 912/1/162 971/1/162 972/1/162
f 971/1/163 910/1/163 970/1/163
f 970/1/164 909/1/164 969/1/164
f 969/1/165 908/1/165 968/1/165
f 908/1/166 967/1/166 968/1/166
f 967/1/167 906/1/167 966/1/167
f 906/1/168 965/1/168 966/1/168
f 905/1/169 964/1/169 965/1/169
f 904/1/170 963/1/170 964/1/170
f 903/1/171 962/1/171 963/1/171
f 902/1/172 961/1/172 962/1/172
f 961/1/173 900/1/173 960/1/173
f 900/1/174 959/1/174 960/1/174
f 899/1/175 958/1/175 959/1/175
f 898/1/176 957/1/176 958/1/176
f 35/1/177 956/1/177 36/1/177
f 956/1/178 895/1/178 955/1/178
f 895/1/179 954/1/179 955/1/179
f 954/1/180 893/1/180 953/1/180
f 893/1/181 952/1/181 953/1/181
f 952/1/182 891/1/182 951/1/182
f 891/1/183 950/1/183 951/1/183
f 950/1/184 889/1/184 949/1/184
f 889/1/185 948/1/185 949/1/185
f 948/1/186 887/1/186 947/1/186
f 887/1/187 946/1/187 947/1/187
f 946/1/188 885/1/188 945/1/188
f 945/1/189 884/1/189 944/1/189
f 884/1/190 943/1/190 944/1/190
f 943/1/191 882/1/191 942/1/191
f 942/1/192 881/1/192 941/1/192
f 941/1/193 880/1/193 940/1/193
f 880/1/194 939/1/194 940/1/194
f 879/1/195 938/1/195 939/1/195
f 878/1/196 937/1/196 938/1/196
f 8/1/197 936/1/197 9/1/197
f 876/1/198 935/1/198 936/1/198
f 935/1/199 874/1/199 934/1/199
f 874/1/200 933/1/200 934/1/200
f 873/1/201 932/1/201 933/1/201
f 872/1/202 931/1/202 932/1/202
f 931/1/203 870/1/203 930/1/203
f 870/1/204 929/1/204 930/1/204
f 869/1/205 928/1/205 929/1/205
f 868/1/206 927/1/206 928/1/206
f 867/1/207 926/1/207 927/1/207
f 866/1/208 925/1/208 926/1/208
f 865/1/209 924/1/209 925/1/209
f 864/1/210 923/1/210 924/1/210
f 863/1/211 922/1/211 923/1/211
f 862/1/212 921/1/212 922/1/212
f 861/1/213 920/1/213 921/1/213
f 860/1/214 919/1/214 920/1/214
f 859/1/215 918/1/215 919/1/215
f 858/1/216 917/1/216 918/1/216
f 48/1/217 357/1/217 1/1/217
f 856/1/218 358/1/218 357/1/218
f 358/1/219 854/1/219 359/1/219
f 854/1/220 360/1/220 359/1/220
f 360/1/221 852/1/221 361/1/221
f 852/1/222 362/1/222 361/1/222
f 362/1/223 850/1/223 363/1/223
f 850/1/224 364/1/224 363/1/224
f 849/1/225 365/1/225 364/1/225
f 848/1/226 366/1/226 365/1/226
f 847/1/227 367/1/227 366/1/227
f 846/1/228 368/1/228 367/1/228
f 845/1/229 369/1/229 368/1/229
f 844/1/230 370/1/230 369/1/230
f 843/1/231 371/1/231 370/1/231
f 842/1/232 372/1/232 371/1/232
f 841/1/233 373/1/233 372/1/233
f 840/1/234 374/1/234 373/1/234
f 839/1/235 375/1/235 374/1/235
f 838/1/236 376/1/236 375/1/236
f 22/1/237 836/1/237 916/1/237
f 916/1/238 835/1/238 915/1/238
f 835/1/239 914/1/239 915/1/239
f 914/1/240 833/1/240 913/1/240
f 833/1/241 912/1/241 913/1/241
f 912/1/242 831/1/242 911/1/242
f 831/1/243 910/1/243 911/1/243
f 830/1/244 909/1/244 910/1/244
f 829/1/245 908/1/245 909/1/245
f 828/1/246 907/1/246 908/1/246
f 827/1/247 906/1/247 907/1/247
f 906/1/248 825/1/248 905/1/248
f 825/1/249 904/1/249 905/1/249
f 824/1/250 903/1/250 904/1/250
f 823/1/251 902/1/251 903/1/251
f 902/1/252 821/1/252 901/1/252
f 901/1/253 820/1/253 900/1/253
f 820/1/254 899/1/254 900/1/254
f 819/1/255 898/1/255 899/1/255
f 818/1/256 897/1/256 898/1/256
f 35/1/257 816/1/257 896/1/257
f 816/1/258 895/1/258 896/1/258
f 895/1/259 814/1/259 894/1/259
f 814/1/260 893/1/260 894/1/260
f 893/1/261 812/1/261 892/1/261
f 812/1/262 891/1/262 892/1/262
f 891/1/263 810/1/263 890/1/263
f 810/1/264 889/1/264 890/1/264
f 889/1/265 808/1/265 888/1/265
f 808/1/266 887/1/266 888/1/266
f 887/1/267 806/1/267 886/1/267
f 806/1/268 885/1/268 886/1/268
f 805/1/269 884/1/269 885/1/269
f 804/1/270 883/1/270 884/1/270
f 803/1/271 882/1/271 883/1/271
f 802/1/272 881/1/272 882/1/272
f 801/1/273 880/1/273 881/1/273
f 880/1/274 799/1/274 879/1/274
f 799/1/275 878/1/275 879/1/275
f 798/1/276 877/1/276 878/1/276
f 8/1/277 796/1/277 876/1/277
f 796/1/278 875/1/278 876/1/278
f 875/1/279 794/1/279 874/1/279
f 794/1/280 873/1/280 874/1/280
f 873/1/281 792/1/281 872/1/281
f 792/1/282 871/1/282 872/1/282
f 871/1/283 790/1/283 870/1/283
f 790/1/284 869/1/284 870/1/284
f 789/1/285 868/1/285 869/1/285
f 788/1/286 867/1/286 868/1/286
f 867/1/287 786/1/287 866/1/287
f 786/1/288 865/1/288 866/1/288
f 865/1/289 784/1/289 864/1/289
f 784/1/290 863/1/290 864/1/290
f 863/1/291 782/1/291 862/1/291
f 782/1/292 861/1/292 862/1/292
f 781/1/293 860/1/293 861/1/293
f 780/1/294 859/1/294 860/1/294
f 779/1/295 858/1/295 859/1/295
f 778/1/296 857/1/296 858/1/296
f 47/1/297 856/1/297 48/1/297
f 856/1/298 775/1/298 855/1/298
f 775/1/299 854/1/299 855/1/299
f 774/1/300 853/1/300 854/1/300
f 773/1/301 852/1/301 853/1/301
f 852/1/302 771/1/302 851/1/302
f 771/1/303 850/1/303 851/1/303
f 850/1/304 769/1/304 849/1/304
f 769/1/305 848/1/305 849/1/305
f 848/1/306 767/1/306 847/1/306
f 767/1/307 846/1/307 847/1/307
f 766/1/308 845/1/308 846/1/308
f 845/1/309 764/1/309 844/1/309
f 764/1/310 843/1/310 844/1/310
f 763/1/311 842/1/311 843/1/311
f 762/1/312 841/1/312 842/1/312
f 761/1/313 840/1/313 841/1/313
f 840/1/314 759/1/314 839/1/314
f 839/1/315 758/1/315 838/1/315
f 758/1/316 837/1/316 838/1/316
f 20/1/317 836/1/317 21/1/317
f 836/1/318 755/1/318 835/1/318
f 835/1/319 754/1/319 834/1/319
f 754/1/320 833/1/320 834/1/320
f 753/1/321 832/1/321 833/1/321
f 752/1/322 831/1/322 832/1/322
f 751/1/323 830/1/323 831/1/323
f 750/1/324 829/1/324 830/1/324
f 749/1/325 828/1/325 829/1/325
f 748/1/326 827/1/326 828/1/326
f 747/1/327 826/1/327 827/1/327
f 746/1/328 825/1/328 826/1/328
f 745/1/329 824/1/329 825/1/329
f 744/1/330 823/1/330 824/1/330
f 743/1/331 822/1/331 823/1/331
f 742/1/332 821/1/332 822/1/332
f 741/1/333 820/1/333 821/1/333
f 740/1/334 819/1/334 820/1/334
f 739/1/335 818/1/335 819/1/335
f 738/1/336 817/1/336 818/1/336
f 33/1/337 816/1/337 34/1/337
f 816/1/338 735/1/338 815/1/338
f 735/1/339 814/1/339 815/1/339
f 814/1/340 733/1/340 813/1/340
f 733/1/341 812/1/341 813/1/341
f 812/1/342 731/1/342 811/1/342
f 731/1/343 810/1/343 811/1/343
f 810/1/344 729/1/344 809/1/344
f 809/1/345 728/1/345 808/1/345
f 808/1/346 727/1/346 807/1/346
f 727/1/347 806/1/347 807/1/347
f 806/1/348 725/1/348 805/1/348
f 725/1/349 804/1/349 805/1/349
f 724/1/350 803/1/350 804/1/350
f 723/1/351 802/1/351 803/1/351
f 722/1/352 801/1/352 802/1/352
f 801/1/353 720/1/353 800/1/353
f 720/1/354 799/1/354 800/1/354
f 799/1/355 718/1/355 798/1/355
f 798/1/356 717/1/356 797/1/356
f 6/1/357 796/1/357 7/1/357
f 796/1/358 715/1/358 795/1/358
f 715/1/359 794/1/359 795/1/359
f 794/1/360 713/1/360 793/1/360
f 713/1/361 792/1/361 793/1/361
f 712/1/362 791/1/362 792/1/362
f 791/1/363 710/1/363 790/1/363
f 790/1/364 709/1/364 789/1/364
f 709/1/365 788/1/365 789/1/365
f 788/1/366 707/1/366 787/1/366
f 707/1/367 786/1/367 787/1/367
f 786/1/368 705/1/368 785/1/368
f 705/1/369 784/1/369 785/1/369
f 704/1/370 783/1/370 784/1/370
f 703/1/371 782/1/371 783/1/371
f 702/1/372 781/1/372 782/1/372
f 701/1/373 780/1/373 781/1/373
f 700/1/374 779/1/374 780/1/374
f 699/1/375 778/1/375 779/1/375
f 698/1/376 777/1/376 778/1/376
f 47/1/377 696/1/377 776/1/377
f 696/1/378 775/1/378 776/1/378
f 775/1/379 694/1/379 774/1/379
f 694/1/380 773/1/380 774/1/380
f 773/1/381 692/1/381 772/1/381
f 692/1/382 771/1/382 772/1/382
f 771/1/383 690/1/383 770/1/383
f 770/1/384 689/1/384 769/1/384
f 769/1/385 688/1/385 768/1/385
f 688/1/386 767/1/386 768/1/386
f 687/1/387 766/1/387 767/1/387
f 686/1/388 765/1/388 766/1/388
f 685/1/389 764/1/389 765/1/389
f 684/1/390 763/1/390 764/1/390
f 683/1/391 762/1/391 763/1/391
f 682/1/392 761/1/392 762/1/392
f 681/1/393 760/1/393 761/1/393
f 760/1/394 679/1/394 759/1/394
f 679/1/395 758/1/395 759/1/395
f 678/1/396 757/1/396 758/1/396
f 20/1/397 676/1/397 756/1/397
f 676/1/398 755/1/398 756/1/398
f 755/1/399 674/1/399 754/1/399
f 674/1/400 753/1/400 754/1/400
f 753/1/401 672/1/401 752/1/401
f 672/1/402 751/1/402 752/1/402
f 751/1/403 670/1/403 750/1/403
f 670/1/404 749/1/404 750/1/404
f 749/1/405 668/1/405 748/1/405
f 668/1/406 747/1/406 748/1/406
f 747/1/407 666/1/407 746/1/407
f 666/1/408 745/1/408 746/1/408
f 745/1/409 664/1/409 744/1/409
f 664/1/410 743/1/410 744/1/410
f 663/1/411 742/1/411 743/1/411
f 662/1/412 741/1/412 742/1/412
f 661/1/413 740/1/413 741/1/413
f 660/1/414 739/1/414 740/1/414
f 659/1/415 738/1/415 739/1/415
f 658/1/416 737/1/416 738/1/416
f 32/1/417 736/1/417 33/1/417
f 656/1/418 735/1/418 736/1/418
f 735/1/419 654/1/419 734/1/419
f 654/1/420 733/1/420 734/1/420
f 653/1/421 732/1/421 733/1/421
f 652/1/422 731/1/422 732/1/422
f 651/1/423 730/1/423 731/1/423
f 650/1/424 729/1/424 730/1/424
f 649/1/425 728/1/425 729/1/425
f 648/1/426 727/1/426 728/1/426
f 647/1/427 726/1/427 727/1/427
f 646/1/428 725/1/428 726/1/428
f 645/1/429 724/1/429 725/1/429
f 644/1/430 723/1/430 724/1/430
f 643/1/431 722/1/431 723/1/431
f 642/1/432 721/1/432 722/1/432
f 641/1/433 720/1/433 721/1/433
f 640/1/434 719/1/434 720/1/434
f 639/1/435 718/1/435 719/1/435
f 638/1/436 717/1/436 718/1/436
f 6/1/437 636/1/437 716/1/437
f 636/1/438 715/1/438 716/1/438
f 635/1/439 714/1/439 715/1/439
f 714/1/440 633/1/440 713/1/440
f 713/1/441 632/1/441 712/1/441
f 712/1/442 631/1/442 711/1/442
f 631/1/443 710/1/443 711/1/443
f 710/1/444 629/1/444 709/1/444
f 709/1/445 628/1/445 708/1/445
f 628/1/446 707/1/446 708/1/446
f 627/1/447 706/1/447 707/1/447
f 626/1/448 705/1/448 706/1/448
f 625/1/449 704/1/449 705/1/449
f 624/1/450 703/1/450 704/1/450
f 623/1/451 702/1/451 703/1/451
f 622/1/452 701/1/452 702/1/452
f 621/1/453 700/1/453 701/1/453
f 620/1/454 699/1/454 700/1/454
f 619/1/455 698/1/455 699/1/455
f 698/1/456 617/1/456 697/1/456
f 45/1/457 696/1/457 46/1/457
f 696/1/458 615/1/458 695/1/458
f 615/1/459 694/1/459 695/1/459
f 694/1/460 613/1/460 693/1/460
f 613/1/461 692/1/461 693/1/461
f 692/1/462 611/1/462 691/1/462
f 611/1/463 690/1/463 691/1/463
f 610/1/464 689/1/464 690/1/464
f 689/1/465 608/1/465 688/1/465
f 688/1/466 607/1/466 687/1/466
f 607/1/467 686/1/467 687/1/467
f 686/1/468 605/1/468 685/1/468
f 605/1/469 684/1/469 685/1/469
f 604/1/470 683/1/470 684/1/470
f 603/1/471 682/1/471 683/1/471
f 602/1/472 681/1/472 682/1/472
f 681/1/473 600/1/473 680/1/473
f 600/1/474 679/1/474 680/1/474
f 599/1/475 678/1/475 679/1/475
f 678/1/476 597/1/476 677/1/476
f 18/1/477 676/1/477 19/1/477
f 676/1/478 595/1/478 675/1/478
f 595/1/479 674/1/479 675/1/479
f 674/1/480 593/1/480 673/1/480
f 593/1/481 672/1/481 673/1/481
f 592/1/482 671/1/482 672/1/482
f 591/1/483 670/1/483 671/1/483
f 670/1/484 589/1/484 669/1/484
f 589/1/485 668/1/485 669/1/485
f 668/1/486 587/1/486 667/1/486
f 587/1/487 666/1/487 667/1/487
f 666/1/488 585/1/488 665/1/488
f 585/1/489 664/1/489 665/1/489
f 584/1/490 663/1/490 664/1/490
f 583/1/491 662/1/491 663/1/491
f 582/1/492 661/1/492 662/1/492
f 581/1/493 660/1/493 661/1/493
f 580/1/494 659/1/494 660/1/494
f 579/1/495 658/1/495 659/1/495
f 578/1/496 657/1/496 658/1/496
f 32/1/497 576/1/497 656/1/497
f 576/1/498 655/1/498 656/1/498
f 655/1/499 574/1/499 654/1/499
f 574/1/500 653/1/500 654/1/500
f 653/1/501 572/1/501 652/1/501
f 572/1/502 651/1/502 652/1/502
f 651/1/503 570/1/503 650/1/503
f 570/1/504 649/1/504 650/1/504
f 569/1/505 648/1/505 649/1/505
f 568/1/506 647/1/506 648/1/506
f 647/1/507 566/1/507 646/1/507
f 566/1/508 645/1/508 646/1/508
f 645/1/509 564/1/509 644/1/509
f 564/1/510 643/1/510 644/1/510
f 563/1/511 642/1/511 643/1/511
f 562/1/512 641/1/512 642/1/512
f 561/1/513 640/1/513 641/1/513
f 560/1/514 639/1/514 640/1/514
f 559/1/515 638/1/515 639/1/515
f 558/1/516 637/1/516 638/1/516
f 4/1/517 636/1/517 5/1/517
f 556/1/518 635/1/518 636/1/518
f 635/1/519 554/1/519 634/1/519
f 554/1/520 633/1/520 634/1/520
f 633/1/521 552/1/521 632/1/521
f 552/1/522 631/1/522 632/1/522
f 631/1/523 550/1/523 630/1/523
f 550/1/524 629/1/524 630/1/524
f 549/1/525 628/1/525 629/1/525
f 548/1/526 627/1/526 628/1/526
f 627/1/527 546/1/527 626/1/527
f 546/1/528 625/1/528 626/1/528
f 625/1/529 544/1/529 624/1/529
f 544/1/530 623/1/530 624/1/530
f 543/1/531 622/1/531 623/1/531
f 542/1/532 621/1/532 622/1/532
f 621/1/533 540/1/533 620/1/533
f 540/1/534 619/1/534 620/1/534
f 619/1/535 538/1/535 618/1/535
f 538/1/536 617/1/536 618/1/536
f 44/1/537 616/1/537 45/1/537
f 536/1/538 615/1/538 616/1/538
f 615/1/539 534/1/539 614/1/539
f 534/1/540 613/1/540 614/1/540
f 533/1/541 612/1/541 613/1/541
f 532/1/542 611/1/542 612/1/542
f 531/1/543 610/1/543 611/1/543
f 530/1/544 609/1/544 610/1/544
f 529/1/545 608/1/545 609/1/545
f 528/1/546 607/1/546 608/1/546
f 527/1/547 606/1/547 607/1/547
f 526/1/548 605/1/548 606/1/548
f 525/1/549 604/1/549 605/1/549
f 524/1/550 603/1/550 604/1/550
f 523/1/551 602/1/551 603/1/551
f 522/1/552 601/1/552 602/1/552
f 521/1/553 600/1/553 601/1/553
f 520/1/554 599/1/554 600/1/554
f 519/1/555 598/1/555 599/1/555
f 518/1/556 597/1/556 598/1/556
f 17/1/557 596/1/557 18/1/557
f 516/1/558 595/1/558 596/1/558
f 515/1/559 594/1/559 595/1/559
f 594/1/560 513/1/560 593/1/560
f 593/1/561 512/1/561 592/1/561
f 592/1/562 511/1/562 591/1/562
f 591/1/563 510/1/563 590/1/563
f 510/1/564 589/1/564 590/1/564
f 589/1/565 508/1/565 588/1/565
f 588/1/566 507/1/566 587/1/566
f 507/1/567 586/1/567 587/1/567
f 506/1/568 585/1/568 586/1/568
f 585/1/569 504/1/569 584/1/569
f 504/1/570 583/1/570 584/1/570
f 503/1/571 582/1/571 583/1/571
f 502/1/572 581/1/572 582/1/572
f 501/1/573 580/1/573 581/1/573
f 580/1/574 499/1/574 579/1/574
f 499/1/575 578/1/575 579/1/575
f 498/1/576 577/1/576 578/1/576
f 30/1/577 576/1/577 31/1/577
f 576/1/578 495/1/578 575/1/578
f 495/1/579 574/1/579 575/1/579
f 574/1/580 493/1/580 573/1/580
f 493/1/581 572/1/581 573/1/581
f 492/1/582 571/1/582 572/1/582
f 491/1/583 570/1/583 571/1/583
f 570/1/584 489/1/584 569/1/584
f 489/1/585 568/1/585 569/1/585
f 568/1/586 487/1/586 567/1/586
f 487/1/587 566/1/587 567/1/587
f 566/1/588 485/1/588 565/1/588
f 485/1/589 564/1/589 565/1/589
f 484/1/590 563/1/590 564/1/590
f 483/1/591 562/1/591 563/1/591
f 482/1/592 561/1/592 562/1/592
f 481/1/593 560/1/593 561/1/593
f 480/1/594 559/1/594 560/1/594
f 479/1/595 558/1/595 559/1/595
f 478/1/596 557/1/596 558/1/596
f 3/1/597 556/1/597 4/1/597
f 556/1/598 475/1/598 555/1/598
f 475/1/599 554/1/599 555/1/599
f 554/1/600 473/1/600 553/1/600
f 473/1/601 552/1/601 553/1/601
f 552/1/602 471/1/602 551/1/602
f 471/1/603 550/1/603 551/1/603
f 470/1/604 549/1/604 550/1/604
f 469/1/605 548/1/605 549/1/605
f 468/1/606 547/1/606 548/1/606
f 467/1/607 546/1/607 547/1/607
f 546/1/608 465/1/608 545/1/608
f 545/1/609 464/1/609 544/1/609
f 464/1/610 543/1/610 544/1/610
f 543/1/611 462/1/611 542/1/611
f 462/1/612 541/1/612 542/1/612
f 461/1/613 540/1/613 541/1/613
f 460/1/614 539/1/614 540/1/614
f 459/1/615 538/1/615 539/1/615
f 458/1/616 537/1/616 538/1/616
f 44/1/617 456/1/617 536/1/617
f 456/1/618 535/1/618 536/1/618
f 535/1/619 454/1/619 534/1/619
f 454/1/620 533/1/620 534/1/620
f 533/1/621 452/1/621 532/1/621
f 452/1/622 531/1/622 532/1/622
f 451/1/623 530/1/623 531/1/623
f 450/1/624 529/1/624 530/1/624
f 449/1/625 528/1/625 529/1/625
f 448/1/626 527/1/626 528/1/626
f 527/1/627 446/1/627 526/1/627
f 446/1/628 525/1/628 526/1/628
f 525/1/629 444/1/629 524/1/629
f 444/1/630 523/1/630 524/1/630
f 443/1/631 522/1/631 523/1/631
f 442/1/632 521/1/632 522/1/632
f 441/1/633 520/1/633 521/1/633
f 440/1/634 519/1/634 520/1/634
f 439/1/635 518/1/635 519/1/635
f 438/1/636 517/1/636 518/1/636
f 16/1/637 516/1/637 17/1/637
f 436/1/638 515/1/638 516/1/638
f 515/1/639 434/1/639 514/1/639
f 434/1/640 513/1/640 514/1/640
f 513/1/641 432/1/641 512/1/641
f 432/1/642 511/1/642 512/1/642
f 511/1/643 430/1/643 510/1/643
f 430/1/644 509/1/644 510/1/644
f 429/1/645 508/1/645 509/1/645
f 428/1/646 507/1/646 508/1/646
f 507/1/647 426/1/647 506/1/647
f 426/1/648 505/1/648 506/1/648
f 505/1/649 424/1/649 504/1/649
f 424/1/650 503/1/650 504/1/650
f 423/1/651 502/1/651 503/1/651
f 422/1/652 501/1/652 502/1/652
f 501/1/653 420/1/653 500/1/653
f 420/1/654 499/1/654 500/1/654
f 419/1/655 498/1/655 499/1/655
f 418/1/656 497/1/656 498/1/656
f 29/1/657 496/1/657 30/1/657
f 416/1/658 495/1/658 496/1/658
f 415/1/659 494/1/659 495/1/659
f 494/1/660 413/1/660 493/1/660
f 493/1/661 412/1/661 492/1/661
f 492/1/662 411/1/662 491/1/662
f 411/1/663 490/1/663 491/1/663
f 490/1/664 409/1/664 489/1/664
f 489/1/665 408/1/665 488/1/665
f 488/1/666 407/1/666 487/1/666
f 407/1/667 486/1/667 487/1/667
f 406/1/668 485/1/668 486/1/668
f 405/1/669 484/1/669 485/1/669
f 404/1/670 483/1/670 484/1/670
f 483/1/671 402/1/671 482/1/671
f 482/1/672 401/1/672 481/1/672
f 401/1/673 480/1/673 481/1/673
f 400/1/674 479/1/674 480/1/674
f 399/1/675 478/1/675 479/1/675
f 398/1/676 477/1/676 478/1/676
f 3/1/677 396/1/677 476/1/677
f 396/1/678 475/1/678 476/1/678
f 475/1/679 394/1/679 474/1/679
f 394/1/680 473/1/680 474/1/680
f 473/1/681 392/1/681 472/1/681
f 392/1/682 471/1/682 472/1/682
f 471/1/683 390/1/683 470/1/683
f 390/1/684 469/1/684 470/1/684
f 469/1/685 388/1/685 468/1/685
f 388/1/686 467/1/686 468/1/686
f 467/1/687 386/1/687 466/1/687
f 386/1/688 465/1/688 466/1/688
f 385/1/689 464/1/689 465/1/689
f 464/1/690 383/1/690 463/1/690
f 383/1/691 462/1/691 463/1/691
f 462/1/692 381/1/692 461/1/692
f 381/1/693 460/1/693 461/1/693
f 380/1/694 459/1/694 460/1/694
f 379/1/695 458/1/695 459/1/695
f 378/1/696 457/1/696 458/1/696
f 42/1/697 456/1/697 43/1/697
f 456/1/698 355/1/698 455/1/698
f 355/1/699 454/1/699 455/1/699
f 454/1/700 353/1/700 453/1/700
f 353/1/701 452/1/701 453/1/701
f 352/1/702 451/1/702 452/1/702
f 351/1/703 450/1/703 451/1/703
f 450/1/704 349/1/704 449/1/704
f 449/1/705 348/1/705 448/1/705
f 448/1/706 347/1/706 447/1/706
f 347/1/707 446/1/707 447/1/707
f 446/1/708 345/1/708 445/1/708
f 345/1/709 444/1/709 445/1/709
f 344/1/710 443/1/710 444/1/710
f 343/1/711 442/1/711 443/1/711
f 342/1/712 441/1/712 442/1/712
f 341/1/713 440/1/713 441/1/713
f 340/1/714 439/1/714 440/1/714
f 339/1/715 438/1/715 439/1/715
f 338/1/716 437/1/716 438/1/716
f 15/1/717 436/1/717 16/1/717
f 436/1/718 335/1/718 435/1/718
f 335/1/719 434/1/719 435/1/719
f 434/1/720 333/1/720 433/1/720
f 333/1/721 432/1/721 433/1/721
f 432/1/722 331/1/722 431/1/722
f 331/1/723 430/1/723 431/1/723
f 330/1/724 429/1/724 430/1/724
f 329/1/725 428/1/725 429/1/725
f 328/1/726 427/1/726 428/1/726
f 327/1/727 426/1/727 427/1/727
f 426/1/728 325/1/728 425/1/728
f 425/1/729 324/1/729 424/1/729
f 324/1/730 423/1/730 424/1/730
f 323/1/731 422/1/731 423/1/731
f 322/1/732 421/1/732 422/1/732
f 321/1/733 420/1/733 421/1/733
f 320/1/734 419/1/734 420/1/734
f 319/1/735 418/1/735 419/1/735
f 318/1/736 417/1/736 418/1/736
f 28/1/737 416/1/737 29/1/737
f 316/1/738 415/1/738 416/1/738
f 415/1/739 314/1/739 414/1/739
f 314/1/740 413/1/740 414/1/740
f 413/1/741 312/1/741 412/1/741
f 312/1/742 411/1/742 412/1/742
f 411/1/743 310/1/743 410/1/743
f 310/1/744 409/1/744 410/1/744
f 309/1/745 408/1/745 409/1/745
f 308/1/746 407/1/746 408/1/746
f 407/1/747 306/1/747 406/1/747
f 306/1/748 405/1/748 406/1/748
f 405/1/749 304/1/749 404/1/749
f 304/1/750 403/1/750 404/1/750
f 303/1/751 402/1/751 403/1/751
f 302/1/752 401/1/752 402/1/752
f 401/1/753 300/1/753 400/1/753
f 300/1/754 399/1/754 400/1/754
f 299/1/755 398/1/755 399/1/755
f 298/1/756 397/1/756 398/1/756
f 2/1/757 357/1/757 396/1/757
f 357/1/758 395/1/758 396/1/758
f 358/1/759 394/1/759 395/1/759
f 359/1/760 393/1/760 394/1/760
f 360/1/761 392/1/761 393/1/761
f 392/1/762 362/1/762 391/1/762
f 362/1/763 390/1/763 391/1/763
f 390/1/764 364/1/764 389/1/764
f 364/1/765 388/1/765 389/1/765
f 388/1/766 366/1/766 387/1/766
f 387/1/767 367/1/767 386/1/767
f 386/1/768 368/1/768 385/1/768
f 385/1/769 369/1/769 384/1/769
f 384/1/770 370/1/770 383/1/770
f 383/1/771 371/1/771 382/1/771
f 382/1/772 372/1/772 381/1/772
f 381/1/773 373/1/773 380/1/773
f 380/1/774 374/1/774 379/1/774
f 379/1/775 375/1/775 378/1/775
f 378/1/776 376/1/776 377/1/776
f 41/1/777 356/1/777 42/1/777
f 296/1/778 355/1/778 356/1/778
f 295/1/779 354/1/779 355/1/779
f 354/1/780 293/1/780 353/1/780
f 353/1/781 292/1/781 352/1/781
f 352/1/782 291/1/782 351/1/782
f 291/1/783 350/1/783 351/1/783
f 350/1/784 289/1/784 349/1/784
f 289/1/785 348/1/785 349/1/785
f 288/1/786 347/1/786 348/1/786
f 287/1/787 346/1/787 347/1/787
f 286/1/788 345/1/788 346/1/788
f 285/1/789 344/1/789 345/1/789
f 344/1/790 283/1/790 343/1/790
f 283/1/791 342/1/791 343/1/791
f 282/1/792 341/1/792 342/1/792
f 281/1/793 340/1/793 341/1/793
f 340/1/794 279/1/794 339/1/794
f 279/1/795 338/1/795 339/1/795
f 278/1/796 337/1/796 338/1/796
f 15/1/797 276/1/797 336/1/797
f 276/1/798 335/1/798 336/1/798
f 335/1/799 274/1/799 334/1/799
f 274/1/800 333/1/800 334/1/800
f 333/1/801 272/1/801 332/1/801
f 272/1/802 331/1/802 332/1/802
f 331/1/803 270/1/803 330/1/803
f 270/1/804 329/1/804 330/1/804
f 329/1/805 268/1/805 328/1/805
f 268/1/806 327/1/806 328/1/806
f 327/1/807 266/1/807 326/1/807
f 266/1/808 325/1/808 326/1/808
f 265/1/809 324/1/809 325/1/809
f 324/1/810 263/1/810 323/1/810
f 263/1/811 322/1/811 323/1/811
f 262/1/812 321/1/812 322/1/812
f 261/1/813 320/1/813 321/1/813
f 260/1/814 319/1/814 320/1/814
f 259/1/815 318/1/815 319/1/815
f 258/1/816 317/1/816 318/1/816
f 27/1/817 316/1/817 28/1/817
f 316/1/818 255/1/818 315/1/818
f 255/1/819 314/1/819 315/1/819
f 314/1/820 253/1/820 313/1/820
f 253/1/821 312/1/821 313/1/821
f 312/1/822 251/1/822 311/1/822
f 251/1/823 310/1/823 311/1/823
f 250/1/824 309/1/824 310/1/824
f 249/1/825 308/1/825 309/1/825
f 248/1/826 307/1/826 308/1/826
f 247/1/827 306/1/827 307/1/827
f 246/1/828 305/1/828 306/1/828
f 305/1/829 244/1/829 304/1/829
f 244/1/830 303/1/830 304/1/830
f 243/1/831 302/1/831 303/1/831
f 242/1/832 301/1/832 302/1/832
f 241/1/833 300/1/833 301/1/833
f 240/1/834 299/1/834 300/1/834
f 239/1/835 298/1/835 299/1/835
f 238/1/836 297/1/836 298/1/836
f 40/1/837 296/1/837 41/1/837
f 236/1/838 295/1/838 296/1/838
f 295/1/839 234/1/839 294/1/839
f 234/1/840 293/1/840 294/1/840
f 293/1/841 232/1/841 292/1/841
f 232/1/842 291/1/842 292/1/842
f 291/1/843 230/1/843 290/1/843
f 230/1/844 289/1/844 290/1/844
f 229/1/845 288/1/845 289/1/845
f 228/1/846 287/1/846 288/1/846
f 287/1/847 226/1/847 286/1/847
f 226/1/848 285/1/848 286/1/848
f 285/1/849 224/1/849 284/1/849
f 224/1/850 283/1/850 284/1/850
f 223/1/851 282/1/851 283/1/851
f 222/1/852 281/1/852 282/1/852
f 281/1/853 220/1/853 280/1/853
f 220/1/854 279/1/854 280/1/854
f 279/1/855 218/1/855 278/1/855
f 218/1/856 277/1/856 278/1/856
f 14/1/857 216/1/857 276/1/857
f 216/1/858 275/1/858 276/1/858
f 215/1/859 274/1/859 275/1/859
f 274/1/860 213/1/860 273/1/860
f 213/1/861 272/1/861 273/1/861
f 272/1/862 211/1/862 271/1/862
f 211/1/863 270/1/863 271/1/863
f 270/1/864 209/1/864 269/1/864
f 209/1/865 268/1/865 269/1/865
f 268/1/866 207/1/866 267/1/866
f 207/1/867 266/1/867 267/1/867
f 206/1/868 265/1/868 266/1/868
f 265/1/869 204/1/869 264/1/869
f 204/1/870 263/1/870 264/1/870
f 263/1/871 202/1/871 262/1/871
f 202/1/872 261/1/872 262/1/872
f 201/1/873 260/1/873 261/1/873
f 260/1/874 199/1/874 259/1/874
f 199/1/875 258/1/875 259/1/875
f 198/1/876 257/1/876 258/1/876
f 27/1/877 176/1/877 256/1/877
f 176/1/878 255/1/878 256/1/878
f 255/1/879 174/1/879 254/1/879
f 254/1/880 173/1/880 253/1/880
f 253/1/881 172/1/881 252/1/881
f 172/1/882 251/1/882 252/1/882
f 251/1/883 170/1/883 250/1/883
f 170/1/884 249/1/884 250/1/884
f 249/1/885 168/1/885 248/1/885
f 168/1/886 247/1/886 248/1/886
f 167/1/887 246/1/887 247/1/887
f 166/1/888 245/1/888 246/1/888
f 165/1/889 244/1/889 245/1/889
f 244/1/890 163/1/890 243/1/890
f 163/1/891 242/1/891 243/1/891
f 242/1/892 161/1/892 241/1/892
f 161/1/893 240/1/893 241/1/893
f 240/1/894 159/1/894 239/1/894
f 159/1/895 238/1/895 239/1/895
f 158/1/896 237/1/896 238/1/896
f 39/1/897 236/1/897 40/1/897
f 236/1/898 135/1/898 235/1/898
f 135/1/899 234/1/899 235/1/899
f 234/1/900 133/1/900 233/1/900
f 133/1/901 232/1/901 233/1/901
f 232/1/902 131/1/902 231/1/902
f 131/1/903 230/1/903 231/1/903
f 130/1/904 229/1/904 230/1/904
f 129/1/905 228/1/905 229/1/905
f 128/1/906 227/1/906 228/1/906
f 127/1/907 226/1/907 227/1/907
f 126/1/908 225/1/908 226/1/908
f 225/1/909 124/1/909 224/1/909
f 124/1/910 223/1/910 224/1/910
f 123/1/911 222/1/911 223/1/911
f 122/1/912 221/1/912 222/1/912
f 121/1/913 220/1/913 221/1/913
f 120/1/914 219/1/914 220/1/914
f 119/1/915 218/1/915 219/1/915
f 118/1/916 217/1/916 218/1/916
f 12/1/917 216/1/917 13/1/917
f 216/1/918 178/1/918 215/1/918
f 178/1/919 214/1/919 215/1/919
f 214/1/920 180/1/920 213/1/920
f 180/1/921 212/1/921 213/1/921
f 212/1/922 182/1/922 211/1/922
f 182/1/923 210/1/923 211/1/923
f 210/1/924 184/1/924 209/1/924
f 209/1/925 185/1/925 208/1/925
f 208/1/926 186/1/926 207/1/926
f 207/1/927 187/1/927 206/1/927
f 206/1/928 188/1/928 205/1/928
f 205/1/929 189/1/929 204/1/929
f 204/1/930 190/1/930 203/1/930
f 203/1/931 191/1/931 202/1/931
f 202/1/932 192/1/932 201/1/932
f 201/1/933 193/1/933 200/1/933
f 200/1/934 194/1/934 199/1/934
f 199/1/935 195/1/935 198/1/935
f 198/1/936 196/1/936 197/1/936
f 26/1/937 137/1/937 176/1/937
f 137/1/938 175/1/938 176/1/938
f 138/1/939 174/1/939 175/1/939
f 174/1/940 140/1/940 173/1/940
f 140/1/941 172/1/941 173/1/941
f 172/1/942 142/1/942 171/1/942
f 142/1/943 170/1/943 171/1/943
f 170/1/944 144/1/944 169/1/944
f 169/1/945 145/1/945 168/1/945
f 168/1/946 146/1/946 167/1/946
f 167/1/947 147/1/947 166/1/947
f 166/1/948 148/1/948 165/1/948
f 165/1/949 149/1/949 164/1/949
f 164/1/950 150/1/950 163/1/950
f 163/1/951 151/1/951 162/1/951
f 162/1/952 152/1/952 161/1/952
f 161/1/953 153/1/953 160/1/953
f 160/1/954 154/1/954 159/1/954
f 159/1/955 155/1/955 158/1/955
f 158/1/956 156/1/956 157/1/956
f 38/1/957 136/1/957 39/1/957
f 136/1/958 98/1/958 135/1/958
f 98/1/959 134/1/959 135/1/959
f 134/1/960 100/1/960 133/1/960
f 100/1/961 132/1/961 133/1/961
f 132/1/962 102/1/962 131/1/962
f 102/1/963 130/1/963 131/1/963
f 130/1/964 104/1/964 129/1/964
f 129/1/965 105/1/965 128/1/965
f 128/1/966 106/1/966 127/1/966
f 127/1/967 107/1/967 126/1/967
f 126/1/968 108/1/968 125/1/968
f 125/1/969 109/1/969 124/1/969
f 124/1/970 110/1/970 123/1/970
f 123/1/971 111/1/971 122/1/971
f 122/1/972 112/1/972 121/1/972
f 121/1/973 113/1/973 120/1/973
f 120/1/974 114/1/974 119/1/974
f 119/1/975 115/1/975 118/1/975
f 118/1/976 116/1/976 117/1/976
f 39/1/977 1094/1/977 38/1/977
f 26/1/978 1081/1/978 25/1/978
f 13/1/979 1068/1/979 12/1/979
f 40/1/980 1095/1/980 39/1/980
f 27/1/981 1082/1/981 26/1/981
f 14/1/982 1069/1/982 13/1/982
f 41/1/983 1096/1/983 40/1/983
f 28/1/984 1083/1/984 27/1/984
f 15/1/985 1070/1/985 14/1/985
f 42/1/986 1097/1/986 41/1/986
f 2/1/987 1057/1/987 1/1/987
f 29/1/988 1084/1/988 28/1/988
f 16/1/989 1071/1/989 15/1/989
f 43/1/990 1098/1/990 42/1/990
f 3/1/991 1058/1/991 2/1/991
f 30/1/992 1085/1/992 29/1/992
f 17/1/993 1072/1/993 16/1/993
f 44/1/994 1099/1/994 43/1/994
f 4/1/995 1059/1/995 3/1/995
f 31/1/996 1086/1/996 30/1/996
f 18/1/997 1073/1/997 17/1/997
f 45/1/998 1100/1/998 44/1/998
f 5/1/999 1060/1/999 4/1/999
f 32/1/1000 1087/1/1000 31/1/1000
f 19/1/1001 1074/1/1001 18/1/1001
f 46/1/1002 1101/1/1002 45/1/1002
f 6/1/1003 1061/1/1003 5/1/1003
f 33/1/1004 1088/1/1004 32/1/1004
f 20/1/1005 1075/1/1005 19/1/1005
f 47/1/1006 1102/1/1006 46/1/1006
f 7/1/1007 1062/1/1007 6/1/1007
f 34/1/1008 1089/1/1008 33/1/1008
f 21/1/1009 1076/1/1009 20/1/1009
f 48/1/1010 1103/1/1010 47/1/1010
f 8/1/1011 1063/1/1011 7/1/1011
f 35/1/1012 1090/1/1012 34/1/1012
f 22/1/1013 1077/1/1013 21/1/1013
f 1/1/1014 1104/1/1014 48/1/1014
f 9/1/1015 1064/1/1015 8/1/1015
f 36/1/1016 1091/1/1016 35/1/1016
f 23/1/1017 1078/1/1017 22/1/1017
f 10/1/1018 1065/1/1018 9/1/1018
f 37/1/1019 1092/1/1019 36/1/1019
f 24/1/1020 1079/1/1020 23/1/1020
f 11/1/1021 1066/1/1021 10/1/1021
f 38/1/1022 1093/1/1022 37/1/1022
f 25/1/1023 1080/1/1023 24/1/1023
f 12/1/1024 1067/1/1024 11/1/1024
f 1105/1/4 1098/1/4 1099/1/4
f 1116/1/4 1097/1/4 1105/1/4
f 1127/1/4 1096/1/4 1116/1/4
f 1138/1/4 1095/1/4 1127/1/4
f 1149/1/4 1094/1/4 1138/1/4
f 1160/1/4 1093/1/4 1149/1/4
f 1160/1/4 1091/1/4 1092/1/4
f 1171/1/4 1090/1/4 1091/1/4
f 1182/1/4 1089/1/4 1090/1/4
f 1193/1/4 1088/1/4 1089/1/4
f 1204/1/4 1087/1/4 1088/1/4
f 1215/1/4 1086/1/4 1087/1/4
f 1106/1/4 1099/1/4 1100/1/4
f 1117/1/4 1105/1/4 1106/1/4
f 1128/1/4 1116/1/4 1117/1/4
f 1139/1/4 1127/1/4 1128/1/4
f 1150/1/4 1138/1/4 1139/1/4
f 1161/1/4 1149/1/4 1150/1/4
f 1161/1/4 1171/1/4 1160/1/4
f 1172/1/4 1182/1/4 1171/1/4
f 1183/1/4 1193/1/4 1182/1/4
f 1194/1/4 1204/1/4 1193/1/4
f 1205/1/4 1215/1/4 1204/1/4
f 1216/1/4 1085/1/4 1215/1/4
f 1107/1/4 1100/1/4 1101/1/4
f 1118/1/4 1106/1/4 1107/1/4
f 1129/1/4 1117/1/4 1118/1/4
f 1140/1/4 1128/1/4 1129/1/4
f 1151/1/4 1139/1/4 1140/1/4
f 1162/1/4 1150/1/4 1151/1/4
f 1162/1/4 1172/1/4 1161/1/4
f 1173/1/4 1183/1/4 1172/1/4
f 1184/1/4 1194/1/4 1183/1/4
f 1195/1/4 1205/1/4 1194/1/4
f 1206/1/4 1216/1/4 1205/1/4
f 1217/1/4 1084/1/4 1216/1/4
f 1108/1/4 1101/1/4 1102/1/4
f 1119/1/4 1107/1/4 1108/1/4
f 1130/1/4 1118/1/4 1119/1/4
f 1141/1/4 1129/1/4 1130/1/4
f 1152/1/4 1140/1/4 1141/1/4
f 1163/1/4 1151/1/4 1152/1/4
f 1163/1/4 1173/1/4 1162/1/4
f 1174/1/4 1184/1/4 1173/1/4
f 1185/1/4 1195/1/4 1184/1/4
f 1196/1/4 1206/1/4 1195/1/4
f 1207/1/4 1217/1/4 1206/1/4
f 1218/1/4 1083/1/4 1217/1/4
f 1109/1/4 1102/1/4 1103/1/4
f 1120/1/4 1108/1/4 1109/1/4
f 1131/1/4 1119/1/4 1120/1/4
f 1142/1/4 1130/1/4 1131/1/4
f 1153/1/4 1141/1/4 1142/1/4
f 1164/1/4 1152/1/4 1153/1/4
f 1164/1/4 1174/1/4 1163/1/4
f 1175/1/4 1185/1/4 1174/1/4
f 1186/1/4 1196/1/4 1185/1/4
f 1197/1/4 1207/1/4 1196/1/4
f 1208/1/4 1218/1/4 1207/1/4
f 1219/1/4 1082/1/4 1218/1/4
f 1110/1/4 1103/1/4 1104/1/4
f 1121/1/4 1109/1/4 1110/1/4
f 1132/1/4 1120/1/4 1121/1/4
f 1143/1/4 1131/1/4 1132/1/4
f 1154/1/4 1142/1/4 1143/1/4
f 1165/1/4 1153/1/4 1154/1/4
f 1165/1/4 1175/1/4 1164/1/4
f 1176/1/4 1186/1/4 1175/1/4
f 1187/1/4 1197/1/4 1186/1/4
f 1198/1/4 1208/1/4 1197/1/4
f 1209/1/4 1219/1/4 1208/1/4
f 1220/1/4 1081/1/4 1219/1/4
f 1057/1/4 1110/1/4 1104/1/4
f 1111/1/4 1121/1/4 1110/1/4
f 1122/1/4 1132/1/4 1121/1/4
f 1133/1/4 1143/1/4 1132/1/4
f 1144/1/4 1154/1/4 1143/1/4
f 1155/1/4 1165/1/4 1154/1/4
f 1177/1/4 1165/1/4 1166/1/4
f 1188/1/4 1176/1/4 1177/1/4
f 1199/1/4 1187/1/4 1188/1/4
f 1210/1/4 1198/1/4 1199/1/4
f 1221/1/4 1209/1/4 1210/1/4
f 1079/1/4 1220/1/4 1221/1/4
f 1058/1/4 1111/1/4 1057/1/4
f 1112/1/4 1122/1/4 1111/1/4
f 1123/1/4 1133/1/4 1122/1/4
f 1134/1/4 1144/1/4 1133/1/4
f 1145/1/4 1155/1/4 1144/1/4
f 1156/1/4 1166/1/4 1155/1/4
f 1178/1/4 1166/1/4 1167/1/4
f 1189/1/4 1177/1/4 1178/1/4
f 1200/1/4 1188/1/4 1189/1/4
f 1211/1/4 1199/1/4 1200/1/4
f 1222/1/4 1210/1/4 1211/1/4
f 1078/1/4 1221/1/4 1222/1/4
f 1059/1/4 1112/1/4 1058/1/4
f 1113/1/4 1123/1/4 1112/1/4
f 1124/1/4 1134/1/4 1123/1/4
f 1135/1/4 1145/1/4 1134/1/4
f 1146/1/4 1156/1/4 1145/1/4
f 1157/1/4 1167/1/4 1156/1/4
f 1179/1/4 1167/1/4 1168/1/4
f 1190/1/4 1178/1/4 1179/1/4
f 1201/1/4 1189/1/4 1190/1/4
f 1212/1/4 1200/1/4 1201/1/4
f 1223/1/4 1211/1/4 1212/1/4
f 1077/1/4 1222/1/4 1223/1/4
f 1060/1/4 1113/1/4 1059/1/4
f 1114/1/4 1124/1/4 1113/1/4
f 1125/1/4 1135/1/4 1124/1/4
f 1136/1/4 1146/1/4 1135/1/4
f 1147/1/4 1157/1/4 1146/1/4
f 1158/1/4 1168/1/4 1157/1/4
f 1180/1/4 1168/1/4 1169/1/4
f 1191/1/4 1179/1/4 1180/1/4
f 1202/1/4 1190/1/4 1191/1/4
f 1213/1/4 1201/1/4 1202/1/4
f 1224/1/4 1212/1/4 1213/1/4
f 1076/1/4 1223/1/4 1224/1/4
f 1061/1/4 1114/1/4 1060/1/4
f 1115/1/4 1125/1/4 1114/1/4
f 1126/1/4 1136/1/4 1125/1/4
f 1137/1/4 1147/1/4 1136/1/4
f 1148/1/4 1158/1/4 1147/1/4
f 1159/1/4 1169/1/4 1158/1/4
f 1181/1/4 1169/1/4 1170/1/4
f 1192/1/4 1180/1/4 1181/1/4
f 1203/1/4 1191/1/4 1192/1/4
f 1214/1/4 1202/1/4 1203/1/4
f 1225/1/4 1213/1/4 1214/1/4
f 1075/1/4 1224/1/4 1225/1/4
f 1062/1/4 1115/1/4 1061/1/4
f 1063/1/4 1126/1/4 1115/1/4
f 1064/1/4 1137/1/4 1126/1/4
f 1065/1/4 1148/1/4 1137/1/4
f 1066/1/4 1159/1/4 1148/1/4
f 1067/1/4 1170/1/4 1159/1/4
f 1069/1/4 1170/1/4 1068/1/4
f 1070/1/4 1181/1/4 1069/1/4
f 1071/1/4 1192/1/4 1070/1/4
f 1072/1/4 1203/1/4 1071/1/4
f 1073/1/4 1214/1/4 1072/1/4
f 1074/1/4 1225/1/4 1073/1/4
f 117/1/1025 116/1/1025 86/1/1025
f 156/1/1026 73/1/1026 74/1/1026
f 196/1/1027 60/1/1027 61/1/1027
f 217/1/1028 117/1/1028 87/1/1028
f 237/1/1029 157/1/1029 74/1/1029
f 257/1/1030 197/1/1030 61/1/1030
f 277/1/1031 217/1/1031 88/1/1031
f 297/1/1032 237/1/1032 75/1/1032
f 257/1/1033 62/1/1033 63/1/1033
f 337/1/1034 277/1/1034 89/1/1034
f 377/1/1035 376/1/1035 49/1/1035
f 397/1/1036 297/1/1036 76/1/1036
f 417/1/1037 317/1/1037 63/1/1037
f 437/1/1038 337/1/1038 90/1/1038
f 377/1/1039 50/1/1039 51/1/1039
f 477/1/1040 397/1/1040 77/1/1040
f 497/1/1041 417/1/1041 64/1/1041
f 517/1/1042 437/1/1042 91/1/1042
f 537/1/1043 457/1/1043 51/1/1043
f 557/1/1044 477/1/1044 78/1/1044
f 577/1/1045 497/1/1045 65/1/1045
f 597/1/1046 517/1/1046 92/1/1046
f 617/1/1047 537/1/1047 52/1/1047
f 637/1/1048 557/1/1048 79/1/1048
f 657/1/1049 577/1/1049 66/1/1049
f 677/1/1050 597/1/1050 93/1/1050
f 697/1/1051 617/1/1051 53/1/1051
f 717/1/1052 637/1/1052 80/1/1052
f 737/1/1053 657/1/1053 67/1/1053
f 757/1/1054 677/1/1054 94/1/1054
f 777/1/1055 697/1/1055 54/1/1055
f 797/1/1056 717/1/1056 81/1/1056
f 817/1/1057 737/1/1057 68/1/1057
f 837/1/1058 757/1/1058 95/1/1058
f 857/1/1059 777/1/1059 55/1/1059
f 877/1/1060 797/1/1060 82/1/1060
f 897/1/1061 817/1/1061 69/1/1061
f 837/1/1062 96/1/1062 49/1/1062
f 917/1/1063 857/1/1063 56/1/1063
f 877/1/1064 83/1/1064 84/1/1064
f 957/1/1065 897/1/1065 70/1/1065
f 977/1/1066 917/1/1066 57/1/1066
f 997/1/1067 937/1/1067 84/1/1067
f 957/1/1068 71/1/1068 72/1/1068
f 1037/1/1069 977/1/1069 58/1/1069
f 116/1/1070 997/1/1070 85/1/1070
f 156/1/1071 1017/1/1071 72/1/1071
f 196/1/1072 1037/1/1072 59/1/1072
f 11/1/17 1056/1/17 177/1/17
f 1056/1/18 1055/1/18 178/1/18
f 1055/1/19 1054/1/19 179/1/19
f 1054/1/20 1053/1/20 180/1/20
f 180/1/21 1053/1/21 1052/1/21
f 1052/1/22 1051/1/22 182/1/22
f 182/1/23 1051/1/23 1050/1/23
f 1050/1/24 1049/1/24 184/1/24
f 1049/1/25 1048/1/25 185/1/25
f 1048/1/26 1047/1/26 186/1/26
f 1047/1/27 1046/1/27 187/1/27
f 1046/1/28 1045/1/28 188/1/28
f 1045/1/29 1044/1/29 189/1/29
f 1044/1/30 1043/1/30 190/1/30
f 1043/1/31 1042/1/31 191/1/31
f 1042/1/32 1041/1/32 192/1/32
f 1041/1/33 1040/1/33 193/1/33
f 1040/1/1073 1039/1/1073 194/1/1073
f 1039/1/35 1038/1/35 195/1/35
f 1038/1/36 1037/1/36 196/1/36
f 24/1/37 1036/1/37 137/1/37
f 137/1/38 1036/1/38 1035/1/38
f 138/1/39 1035/1/39 1034/1/39
f 1034/1/40 1033/1/40 140/1/40
f 140/1/41 1033/1/41 1032/1/41
f 1032/1/42 1031/1/42 142/1/42
f 142/1/43 1031/1/43 1030/1/43
f 1030/1/44 1029/1/44 144/1/44
f 1029/1/45 1028/1/45 145/1/45
f 1028/1/46 1027/1/46 146/1/46
f 1027/1/47 1026/1/47 147/1/47
f 1026/1/48 1025/1/48 148/1/48
f 1025/1/49 1024/1/49 149/1/49
f 1024/1/50 1023/1/50 150/1/50
f 1023/1/51 1022/1/51 151/1/51
f 1022/1/1074 1021/1/1074 152/1/1074
f 1021/1/53 1020/1/53 153/1/53
f 1020/1/54 1019/1/54 154/1/54
f 1019/1/55 1018/1/55 155/1/55
f 1018/1/56 1017/1/56 156/1/56
f 38/1/57 37/1/57 1016/1/57
f 1016/1/58 1015/1/58 98/1/58
f 98/1/59 1015/1/59 1014/1/59
f 1014/1/60 1013/1/60 100/1/60
f 100/1/61 1013/1/61 1012/1/61
f 1012/1/62 1011/1/62 102/1/62
f 102/1/63 1011/1/63 1010/1/63
f 1010/1/64 1009/1/64 104/1/64
f 1009/1/65 1008/1/65 105/1/65
f 1008/1/66 1007/1/66 106/1/66
f 1007/1/1075 1006/1/1075 107/1/1075
f 1006/1/68 1005/1/68 108/1/68
f 1005/1/69 1004/1/69 109/1/69
f 1004/1/70 1003/1/70 110/1/70
f 1003/1/71 1002/1/71 111/1/71
f 1002/1/72 1001/1/72 112/1/72
f 1001/1/73 1000/1/73 113/1/73
f 1000/1/74 999/1/74 114/1/74
f 999/1/75 998/1/75 115/1/75
f 998/1/76 997/1/76 116/1/76
f 10/1/77 996/1/77 1056/1/77
f 996/1/78 995/1/78 1055/1/78
f 1055/1/79 995/1/79 994/1/79
f 994/1/80 993/1/80 1053/1/80
f 1053/1/81 993/1/81 992/1/81
f 992/1/82 991/1/82 1051/1/82
f 1051/1/83 991/1/83 990/1/83
f 1050/1/84 990/1/84 989/1/84
f 1049/1/85 989/1/85 988/1/85
f 988/1/86 987/1/86 1047/1/86
f 987/1/87 986/1/87 1046/1/87
f 986/1/88 985/1/88 1045/1/88
f 985/1/89 984/1/89 1044/1/89
f 1044/1/90 984/1/90 983/1/90
f 983/1/91 982/1/91 1042/1/91
f 982/1/92 981/1/92 1041/1/92
f 1041/1/93 981/1/93 980/1/93
f 1040/1/94 980/1/94 979/1/94
f 979/1/95 978/1/95 1038/1/95
f 978/1/1076 977/1/1076 1037/1/1076
f 23/1/97 976/1/97 1036/1/97
f 1036/1/98 976/1/98 975/1/98
f 975/1/99 974/1/99 1034/1/99
f 1034/1/100 974/1/100 973/1/100
f 973/1/101 972/1/101 1032/1/101
f 1032/1/102 972/1/102 971/1/102
f 971/1/103 970/1/103 1030/1/103
f 1030/1/104 970/1/104 969/1/104
f 969/1/1077 968/1/1077 1028/1/1077
f 1028/1/106 968/1/106 967/1/106
f 967/1/107 966/1/107 1026/1/107
f 1026/1/108 966/1/108 965/1/108
f 965/1/109 964/1/109 1024/1/109
f 964/1/110 963/1/110 1023/1/110
f 1023/1/111 963/1/111 962/1/111
f 962/1/112 961/1/112 1021/1/112
f 961/1/113 960/1/113 1020/1/113
f 960/1/114 959/1/114 1019/1/114
f 959/1/115 958/1/115 1018/1/115
f 958/1/116 957/1/116 1017/1/116
f 36/1/117 956/1/117 1016/1/117
f 1016/1/118 956/1/118 955/1/118
f 1015/1/119 955/1/119 954/1/119
f 954/1/120 953/1/120 1013/1/120
f 1013/1/121 953/1/121 952/1/121
f 952/1/122 951/1/122 1011/1/122
f 1011/1/123 951/1/123 950/1/123
f 950/1/124 949/1/124 1009/1/124
f 1009/1/125 949/1/125 948/1/125
f 948/1/126 947/1/126 1007/1/126
f 947/1/127 946/1/127 1006/1/127
f 1006/1/128 946/1/128 945/1/128
f 945/1/129 944/1/129 1004/1/129
f 1004/1/130 944/1/130 943/1/130
f 943/1/131 942/1/131 1002/1/131
f 942/1/132 941/1/132 1001/1/132
f 941/1/133 940/1/133 1000/1/133
f 940/1/1078 939/1/1078 999/1/1078
f 939/1/135 938/1/135 998/1/135
f 938/1/136 937/1/136 997/1/136
f 9/1/137 936/1/137 996/1/137
f 996/1/138 936/1/138 935/1/138
f 935/1/139 934/1/139 994/1/139
f 994/1/140 934/1/140 933/1/140
f 933/1/141 932/1/141 992/1/141
f 992/1/142 932/1/142 931/1/142
f 931/1/143 930/1/143 990/1/143
f 930/1/144 929/1/144 989/1/144
f 929/1/145 928/1/145 988/1/145
f 928/1/146 927/1/146 987/1/146
f 927/1/147 926/1/147 986/1/147
f 986/1/148 926/1/148 925/1/148
f 925/1/149 924/1/149 984/1/149
f 984/1/150 924/1/150 923/1/150
f 923/1/151 922/1/151 982/1/151
f 922/1/152 921/1/152 981/1/152
f 981/1/153 921/1/153 920/1/153
f 920/1/154 919/1/154 979/1/154
f 919/1/155 918/1/155 978/1/155
f 918/1/156 917/1/156 977/1/156
f 23/1/157 22/1/157 916/1/157
f 916/1/158 915/1/158 975/1/158
f 975/1/159 915/1/159 914/1/159
f 914/1/160 913/1/160 973/1/160
f 973/1/161 913/1/161 912/1/161
f 912/1/162 911/1/162 971/1/162
f 971/1/163 911/1/163 910/1/163
f 970/1/164 910/1/164 909/1/164
f 969/1/165 909/1/165 908/1/165
f 908/1/166 907/1/166 967/1/166
f 967/1/167 907/1/167 906/1/167
f 906/1/168 905/1/168 965/1/168
f 905/1/169 904/1/169 964/1/169
f 904/1/170 903/1/170 963/1/170
f 903/1/171 902/1/171 962/1/171
f 902/1/172 901/1/172 961/1/172
f 961/1/173 901/1/173 900/1/173
f 900/1/174 899/1/174 959/1/174
f 899/1/175 898/1/175 958/1/175
f 898/1/176 897/1/176 957/1/176
f 35/1/177 896/1/177 956/1/177
f 956/1/178 896/1/178 895/1/178
f 895/1/179 894/1/179 954/1/179
f 954/1/180 894/1/180 893/1/180
f 893/1/181 892/1/181 952/1/181
f 952/1/182 892/1/182 891/1/182
f 891/1/183 890/1/183 950/1/183
f 950/1/184 890/1/184 889/1/184
f 889/1/1079 888/1/1079 948/1/1079
f 948/1/186 888/1/186 887/1/186
f 887/1/187 886/1/187 946/1/187
f 946/1/188 886/1/188 885/1/188
f 945/1/189 885/1/189 884/1/189
f 884/1/190 883/1/190 943/1/190
f 943/1/191 883/1/191 882/1/191
f 942/1/192 882/1/192 881/1/192
f 941/1/193 881/1/193 880/1/193
f 880/1/194 879/1/194 939/1/194
f 879/1/195 878/1/195 938/1/195
f 878/1/196 877/1/196 937/1/196
f 8/1/197 876/1/197 936/1/197
f 876/1/198 875/1/198 935/1/198
f 935/1/199 875/1/199 874/1/199
f 874/1/200 873/1/200 933/1/200
f 873/1/201 872/1/201 932/1/201
f 872/1/202 871/1/202 931/1/202
f 931/1/203 871/1/203 870/1/203
f 870/1/204 869/1/204 929/1/204
f 869/1/205 868/1/205 928/1/205
f 868/1/206 867/1/206 927/1/206
f 867/1/207 866/1/207 926/1/207
f 866/1/208 865/1/208 925/1/208
f 865/1/209 864/1/209 924/1/209
f 864/1/210 863/1/210 923/1/210
f 863/1/211 862/1/211 922/1/211
f 862/1/212 861/1/212 921/1/212
f 861/1/213 860/1/213 920/1/213
f 860/1/214 859/1/214 919/1/214
f 859/1/215 858/1/215 918/1/215
f 858/1/216 857/1/216 917/1/216
f 48/1/217 856/1/217 357/1/217
f 856/1/218 855/1/218 358/1/218
f 358/1/219 855/1/219 854/1/219
f 854/1/220 853/1/220 360/1/220
f 360/1/221 853/1/221 852/1/221
f 852/1/222 851/1/222 362/1/222
f 362/1/223 851/1/223 850/1/223
f 850/1/224 849/1/224 364/1/224
f 849/1/225 848/1/225 365/1/225
f 848/1/226 847/1/226 366/1/226
f 847/1/227 846/1/227 367/1/227
f 846/1/228 845/1/228 368/1/228
f 845/1/229 844/1/229 369/1/229
f 844/1/230 843/1/230 370/1/230
f 843/1/231 842/1/231 371/1/231
f 842/1/1080 841/1/1080 372/1/1080
f 841/1/233 840/1/233 373/1/233
f 840/1/234 839/1/234 374/1/234
f 839/1/235 838/1/235 375/1/235
f 838/1/236 837/1/236 376/1/236
f 22/1/237 21/1/237 836/1/237
f 916/1/238 836/1/238 835/1/238
f 835/1/239 834/1/239 914/1/239
f 914/1/240 834/1/240 833/1/240
f 833/1/241 832/1/241 912/1/241
f 912/1/242 832/1/242 831/1/242
f 831/1/243 830/1/243 910/1/243
f 830/1/244 829/1/244 909/1/244
f 829/1/245 828/1/245 908/1/245
f 828/1/246 827/1/246 907/1/246
f 827/1/247 826/1/247 906/1/247
f 906/1/248 826/1/248 825/1/248
f 825/1/249 824/1/249 904/1/249
f 824/1/250 823/1/250 903/1/250
f 823/1/251 822/1/251 902/1/251
f 902/1/252 822/1/252 821/1/252
f 901/1/253 821/1/253 820/1/253
f 820/1/254 819/1/254 899/1/254
f 819/1/255 818/1/255 898/1/255
f 818/1/1081 817/1/1081 897/1/1081
f 35/1/257 34/1/257 816/1/257
f 816/1/258 815/1/258 895/1/258
f 895/1/259 815/1/259 814/1/259
f 814/1/260 813/1/260 893/1/260
f 893/1/261 813/1/261 812/1/261
f 812/1/262 811/1/262 891/1/262
f 891/1/263 811/1/263 810/1/263
f 810/1/264 809/1/264 889/1/264
f 889/1/265 809/1/265 808/1/265
f 808/1/266 807/1/266 887/1/266
f 887/1/267 807/1/267 806/1/267
f 806/1/268 805/1/268 885/1/268
f 805/1/269 804/1/269 884/1/269
f 804/1/270 803/1/270 883/1/270
f 803/1/271 802/1/271 882/1/271
f 802/1/272 801/1/272 881/1/272
f 801/1/273 800/1/273 880/1/273
f 880/1/274 800/1/274 799/1/274
f 799/1/275 798/1/275 878/1/275
f 798/1/1082 797/1/1082 877/1/1082
f 8/1/277 7/1/277 796/1/277
f 796/1/278 795/1/278 875/1/278
f 875/1/279 795/1/279 794/1/279
f 794/1/280 793/1/280 873/1/280
f 873/1/281 793/1/281 792/1/281
f 792/1/282 791/1/282 871/1/282
f 871/1/283 791/1/283 790/1/283
f 790/1/284 789/1/284 869/1/284
f 789/1/285 788/1/285 868/1/285
f 788/1/286 787/1/286 867/1/286
f 867/1/287 787/1/287 786/1/287
f 786/1/1083 785/1/1083 865/1/1083
f 865/1/289 785/1/289 784/1/289
f 784/1/290 783/1/290 863/1/290
f 863/1/291 783/1/291 782/1/291
f 782/1/292 781/1/292 861/1/292
f 781/1/293 780/1/293 860/1/293
f 780/1/294 779/1/294 859/1/294
f 779/1/295 778/1/295 858/1/295
f 778/1/1084 777/1/1084 857/1/1084
f 47/1/297 776/1/297 856/1/297
f 856/1/298 776/1/298 775/1/298
f 775/1/299 774/1/299 854/1/299
f 774/1/300 773/1/300 853/1/300
f 773/1/301 772/1/301 852/1/301
f 852/1/302 772/1/302 771/1/302
f 771/1/303 770/1/303 850/1/303
f 850/1/304 770/1/304 769/1/304
f 769/1/305 768/1/305 848/1/305
f 848/1/306 768/1/306 767/1/306
f 767/1/307 766/1/307 846/1/307
f 766/1/308 765/1/308 845/1/308
f 845/1/309 765/1/309 764/1/309
f 764/1/310 763/1/310 843/1/310
f 763/1/311 762/1/311 842/1/311
f 762/1/312 761/1/312 841/1/312
f 761/1/313 760/1/313 840/1/313
f 840/1/314 760/1/314 759/1/314
f 839/1/315 759/1/315 758/1/315
f 758/1/316 757/1/316 837/1/316
f 20/1/317 756/1/317 836/1/317
f 836/1/318 756/1/318 755/1/318
f 835/1/319 755/1/319 754/1/319
f 754/1/320 753/1/320 833/1/320
f 753/1/321 752/1/321 832/1/321
f 752/1/322 751/1/322 831/1/322
f 751/1/323 750/1/323 830/1/323
f 750/1/324 749/1/324 829/1/324
f 749/1/325 748/1/325 828/1/325
f 748/1/326 747/1/326 827/1/326
f 747/1/327 746/1/327 826/1/327
f 746/1/328 745/1/328 825/1/328
f 745/1/329 744/1/329 824/1/329
f 744/1/330 743/1/330 823/1/330
f 743/1/331 742/1/331 822/1/331
f 742/1/332 741/1/332 821/1/332
f 741/1/333 740/1/333 820/1/333
f 740/1/334 739/1/334 819/1/334
f 739/1/1085 738/1/1085 818/1/1085
f 738/1/336 737/1/336 817/1/336
f 33/1/337 736/1/337 816/1/337
f 816/1/338 736/1/338 735/1/338
f 735/1/339 734/1/339 814/1/339
f 814/1/340 734/1/340 733/1/340
f 733/1/341 732/1/341 812/1/341
f 812/1/342 732/1/342 731/1/342
f 731/1/343 730/1/343 810/1/343
f 810/1/344 730/1/344 729/1/344
f 809/1/345 729/1/345 728/1/345
f 808/1/346 728/1/346 727/1/346
f 727/1/347 726/1/347 806/1/347
f 806/1/348 726/1/348 725/1/348
f 725/1/349 724/1/349 804/1/349
f 724/1/350 723/1/350 803/1/350
f 723/1/351 722/1/351 802/1/351
f 722/1/352 721/1/352 801/1/352
f 801/1/353 721/1/353 720/1/353
f 720/1/354 719/1/354 799/1/354
f 799/1/355 719/1/355 718/1/355
f 798/1/356 718/1/356 717/1/356
f 6/1/357 716/1/357 796/1/357
f 796/1/358 716/1/358 715/1/358
f 715/1/359 714/1/359 794/1/359
f 794/1/360 714/1/360 713/1/360
f 713/1/361 712/1/361 792/1/361
f 712/1/362 711/1/362 791/1/362
f 791/1/363 711/1/363 710/1/363
f 790/1/364 710/1/364 709/1/364
f 709/1/365 708/1/365 788/1/365
f 788/1/366 708/1/366 707/1/366
f 707/1/367 706/1/367 786/1/367
f 786/1/368 706/1/368 705/1/368
f 705/1/369 704/1/369 784/1/369
f 704/1/370 703/1/370 783/1/370
f 703/1/371 702/1/371 782/1/371
f 702/1/372 701/1/372 781/1/372
f 701/1/373 700/1/373 780/1/373
f 700/1/374 699/1/374 779/1/374
f 699/1/375 698/1/375 778/1/375
f 698/1/1086 697/1/1086 777/1/1086
f 47/1/377 46/1/377 696/1/377
f 696/1/378 695/1/378 775/1/378
f 775/1/379 695/1/379 694/1/379
f 694/1/380 693/1/380 773/1/380
f 773/1/381 693/1/381 692/1/381
f 692/1/382 691/1/382 771/1/382
f 771/1/383 691/1/383 690/1/383
f 770/1/384 690/1/384 689/1/384
f 769/1/385 689/1/385 688/1/385
f 688/1/386 687/1/386 767/1/386
f 687/1/387 686/1/387 766/1/387
f 686/1/388 685/1/388 765/1/388
f 685/1/389 684/1/389 764/1/389
f 684/1/390 683/1/390 763/1/390
f 683/1/391 682/1/391 762/1/391
f 682/1/392 681/1/392 761/1/392
f 681/1/393 680/1/393 760/1/393
f 760/1/394 680/1/394 679/1/394
f 679/1/395 678/1/395 758/1/395
f 678/1/396 677/1/396 757/1/396
f 20/1/397 19/1/397 676/1/397
f 676/1/398 675/1/398 755/1/398
f 755/1/399 675/1/399 674/1/399
f 674/1/400 673/1/400 753/1/400
f 753/1/401 673/1/401 672/1/401
f 672/1/402 671/1/402 751/1/402
f 751/1/403 671/1/403 670/1/403
f 670/1/404 669/1/404 749/1/404
f 749/1/405 669/1/405 668/1/405
f 668/1/406 667/1/406 747/1/406
f 747/1/407 667/1/407 666/1/407
f 666/1/408 665/1/408 745/1/408
f 745/1/409 665/1/409 664/1/409
f 664/1/410 663/1/410 743/1/410
f 663/1/411 662/1/411 742/1/411
f 662/1/412 661/1/412 741/1/412
f 661/1/413 660/1/413 740/1/413
f 660/1/414 659/1/414 739/1/414
f 659/1/415 658/1/415 738/1/415
f 658/1/1087 657/1/1087 737/1/1087
f 32/1/417 656/1/417 736/1/417
f 656/1/418 655/1/418 735/1/418
f 735/1/419 655/1/419 654/1/419
f 654/1/420 653/1/420 733/1/420
f 653/1/421 652/1/421 732/1/421
f 652/1/422 651/1/422 731/1/422
f 651/1/423 650/1/423 730/1/423
f 650/1/424 649/1/424 729/1/424
f 649/1/425 648/1/425 728/1/425
f 648/1/426 647/1/426 727/1/426
f 647/1/427 646/1/427 726/1/427
f 646/1/428 645/1/428 725/1/428
f 645/1/429 644/1/429 724/1/429
f 644/1/430 643/1/430 723/1/430
f 643/1/431 642/1/431 722/1/431
f 642/1/432 641/1/432 721/1/432
f 641/1/433 640/1/433 720/1/433
f 640/1/434 639/1/434 719/1/434
f 639/1/1088 638/1/1088 718/1/1088
f 638/1/436 637/1/436 717/1/436
f 6/1/437 5/1/437 636/1/437
f 636/1/438 635/1/438 715/1/438
f 635/1/439 634/1/439 714/1/439
f 714/1/440 634/1/440 633/1/440
f 713/1/441 633/1/441 632/1/441
f 712/1/442 632/1/442 631/1/442
f 631/1/443 630/1/443 710/1/443
f 710/1/444 630/1/444 629/1/444
f 709/1/445 629/1/445 628/1/445
f 628/1/446 627/1/446 707/1/446
f 627/1/447 626/1/447 706/1/447
f 626/1/448 625/1/448 705/1/448
f 625/1/449 624/1/449 704/1/449
f 624/1/450 623/1/450 703/1/450
f 623/1/451 622/1/451 702/1/451
f 622/1/452 621/1/452 701/1/452
f 621/1/453 620/1/453 700/1/453
f 620/1/454 619/1/454 699/1/454
f 619/1/1089 618/1/1089 698/1/1089
f 698/1/456 618/1/456 617/1/456
f 45/1/457 616/1/457 696/1/457
f 696/1/458 616/1/458 615/1/458
f 615/1/459 614/1/459 694/1/459
f 694/1/460 614/1/460 613/1/460
f 613/1/461 612/1/461 692/1/461
f 692/1/462 612/1/462 611/1/462
f 611/1/463 610/1/463 690/1/463
f 610/1/464 609/1/464 689/1/464
f 689/1/465 609/1/465 608/1/465
f 688/1/466 608/1/466 607/1/466
f 607/1/467 606/1/467 686/1/467
f 686/1/468 606/1/468 605/1/468
f 605/1/469 604/1/469 684/1/469
f 604/1/470 603/1/470 683/1/470
f 603/1/471 602/1/471 682/1/471
f 602/1/472 601/1/472 681/1/472
f 681/1/473 601/1/473 600/1/473
f 600/1/474 599/1/474 679/1/474
f 599/1/475 598/1/475 678/1/475
f 678/1/1090 598/1/1090 597/1/1090
f 18/1/477 596/1/477 676/1/477
f 676/1/478 596/1/478 595/1/478
f 595/1/479 594/1/479 674/1/479
f 674/1/480 594/1/480 593/1/480
f 593/1/481 592/1/481 672/1/481
f 592/1/482 591/1/482 671/1/482
f 591/1/483 590/1/483 670/1/483
f 670/1/484 590/1/484 589/1/484
f 589/1/485 588/1/485 668/1/485
f 668/1/486 588/1/486 587/1/486
f 587/1/487 586/1/487 666/1/487
f 666/1/1091 586/1/1091 585/1/1091
f 585/1/489 584/1/489 664/1/489
f 584/1/490 583/1/490 663/1/490
f 583/1/491 582/1/491 662/1/491
f 582/1/492 581/1/492 661/1/492
f 581/1/493 580/1/493 660/1/493
f 580/1/494 579/1/494 659/1/494
f 579/1/495 578/1/495 658/1/495
f 578/1/1092 577/1/1092 657/1/1092
f 32/1/497 31/1/497 576/1/497
f 576/1/498 575/1/498 655/1/498
f 655/1/499 575/1/499 574/1/499
f 574/1/500 573/1/500 653/1/500
f 653/1/501 573/1/501 572/1/501
f 572/1/502 571/1/502 651/1/502
f 651/1/503 571/1/503 570/1/503
f 570/1/504 569/1/504 649/1/504
f 569/1/505 568/1/505 648/1/505
f 568/1/506 567/1/506 647/1/506
f 647/1/507 567/1/507 566/1/507
f 566/1/1093 565/1/1093 645/1/1093
f 645/1/509 565/1/509 564/1/509
f 564/1/510 563/1/510 643/1/510
f 563/1/511 562/1/511 642/1/511
f 562/1/512 561/1/512 641/1/512
f 561/1/513 560/1/513 640/1/513
f 560/1/514 559/1/514 639/1/514
f 559/1/515 558/1/515 638/1/515
f 558/1/1094 557/1/1094 637/1/1094
f 4/1/517 556/1/517 636/1/517
f 556/1/518 555/1/518 635/1/518
f 635/1/519 555/1/519 554/1/519
f 554/1/520 553/1/520 633/1/520
f 633/1/521 553/1/521 552/1/521
f 552/1/522 551/1/522 631/1/522
f 631/1/523 551/1/523 550/1/523
f 550/1/524 549/1/524 629/1/524
f 549/1/525 548/1/525 628/1/525
f 548/1/526 547/1/526 627/1/526
f 627/1/527 547/1/527 546/1/527
f 546/1/528 545/1/528 625/1/528
f 625/1/529 545/1/529 544/1/529
f 544/1/530 543/1/530 623/1/530
f 543/1/531 542/1/531 622/1/531
f 542/1/532 541/1/532 621/1/532
f 621/1/533 541/1/533 540/1/533
f 540/1/534 539/1/534 619/1/534
f 619/1/535 539/1/535 538/1/535
f 538/1/1095 537/1/1095 617/1/1095
f 44/1/537 536/1/537 616/1/537
f 536/1/538 535/1/538 615/1/538
f 615/1/539 535/1/539 534/1/539
f 534/1/540 533/1/540 613/1/540
f 533/1/541 532/1/541 612/1/541
f 532/1/542 531/1/542 611/1/542
f 531/1/543 530/1/543 610/1/543
f 530/1/544 529/1/544 609/1/544
f 529/1/545 528/1/545 608/1/545
f 528/1/546 527/1/546 607/1/546
f 527/1/547 526/1/547 606/1/547
f 526/1/548 525/1/548 605/1/548
f 525/1/549 524/1/549 604/1/549
f 524/1/550 523/1/550 603/1/550
f 523/1/551 522/1/551 602/1/551
f 522/1/552 521/1/552 601/1/552
f 521/1/553 520/1/553 600/1/553
f 520/1/554 519/1/554 599/1/554
f 519/1/555 518/1/555 598/1/555
f 518/1/556 517/1/556 597/1/556
f 17/1/557 516/1/557 596/1/557
f 516/1/558 515/1/558 595/1/558
f 515/1/559 514/1/559 594/1/559
f 594/1/560 514/1/560 513/1/560
f 593/1/561 513/1/561 512/1/561
f 592/1/562 512/1/562 511/1/562
f 591/1/563 511/1/563 510/1/563
f 510/1/564 509/1/564 589/1/564
f 589/1/565 509/1/565 508/1/565
f 588/1/566 508/1/566 507/1/566
f 507/1/567 506/1/567 586/1/567
f 506/1/568 505/1/568 585/1/568
f 585/1/569 505/1/569 504/1/569
f 504/1/570 503/1/570 583/1/570
f 503/1/571 502/1/571 582/1/571
f 502/1/572 501/1/572 581/1/572
f 501/1/573 500/1/573 580/1/573
f 580/1/574 500/1/574 499/1/574
f 499/1/1096 498/1/1096 578/1/1096
f 498/1/576 497/1/576 577/1/576
f 30/1/577 496/1/577 576/1/577
f 576/1/578 496/1/578 495/1/578
f 495/1/579 494/1/579 574/1/579
f 574/1/580 494/1/580 493/1/580
f 493/1/581 492/1/581 572/1/581
f 492/1/582 491/1/582 571/1/582
f 491/1/583 490/1/583 570/1/583
f 570/1/584 490/1/584 489/1/584
f 489/1/585 488/1/585 568/1/585
f 568/1/586 488/1/586 487/1/586
f 487/1/587 486/1/587 566/1/587
f 566/1/588 486/1/588 485/1/588
f 485/1/589 484/1/589 564/1/589
f 484/1/590 483/1/590 563/1/590
f 483/1/591 482/1/591 562/1/591
f 482/1/592 481/1/592 561/1/592
f 481/1/593 480/1/593 560/1/593
f 480/1/594 479/1/594 559/1/594
f 479/1/595 478/1/595 558/1/595
f 478/1/1097 477/1/1097 557/1/1097
f 3/1/597 476/1/597 556/1/597
f 556/1/598 476/1/598 475/1/598
f 475/1/599 474/1/599 554/1/599
f 554/1/600 474/1/600 473/1/600
f 473/1/601 472/1/601 552/1/601
f 552/1/602 472/1/602 471/1/602
f 471/1/603 470/1/603 550/1/603
f 470/1/604 469/1/604 549/1/604
f 469/1/605 468/1/605 548/1/605
f 468/1/606 467/1/606 547/1/606
f 467/1/607 466/1/607 546/1/607
f 546/1/608 466/1/608 465/1/608
f 545/1/609 465/1/609 464/1/609
f 464/1/610 463/1/610 543/1/610
f 543/1/611 463/1/611 462/1/611
f 462/1/612 461/1/612 541/1/612
f 461/1/613 460/1/613 540/1/613
f 460/1/614 459/1/614 539/1/614
f 459/1/615 458/1/615 538/1/615
f 458/1/616 457/1/616 537/1/616
f 44/1/617 43/1/617 456/1/617
f 456/1/618 455/1/618 535/1/618
f 535/1/619 455/1/619 454/1/619
f 454/1/620 453/1/620 533/1/620
f 533/1/621 453/1/621 452/1/621
f 452/1/622 451/1/622 531/1/622
f 451/1/623 450/1/623 530/1/623
f 450/1/624 449/1/624 529/1/624
f 449/1/625 448/1/625 528/1/625
f 448/1/626 447/1/626 527/1/626
f 527/1/627 447/1/627 446/1/627
f 446/1/628 445/1/628 525/1/628
f 525/1/629 445/1/629 444/1/629
f 444/1/630 443/1/630 523/1/630
f 443/1/631 442/1/631 522/1/631
f 442/1/632 441/1/632 521/1/632
f 441/1/633 440/1/633 520/1/633
f 440/1/634 439/1/634 519/1/634
f 439/1/635 438/1/635 518/1/635
f 438/1/636 437/1/636 517/1/636
f 16/1/637 436/1/637 516/1/637
f 436/1/638 435/1/638 515/1/638
f 515/1/639 435/1/639 434/1/639
f 434/1/640 433/1/640 513/1/640
f 513/1/641 433/1/641 432/1/641
f 432/1/642 431/1/642 511/1/642
f 511/1/643 431/1/643 430/1/643
f 430/1/644 429/1/644 509/1/644
f 429/1/645 428/1/645 508/1/645
f 428/1/646 427/1/646 507/1/646
f 507/1/647 427/1/647 426/1/647
f 426/1/648 425/1/648 505/1/648
f 505/1/649 425/1/649 424/1/649
f 424/1/650 423/1/650 503/1/650
f 423/1/651 422/1/651 502/1/651
f 422/1/652 421/1/652 501/1/652
f 501/1/653 421/1/653 420/1/653
f 420/1/654 419/1/654 499/1/654
f 419/1/655 418/1/655 498/1/655
f 418/1/656 417/1/656 497/1/656
f 29/1/657 416/1/657 496/1/657
f 416/1/658 415/1/658 495/1/658
f 415/1/659 414/1/659 494/1/659
f 494/1/660 414/1/660 413/1/660
f 493/1/661 413/1/661 412/1/661
f 492/1/662 412/1/662 411/1/662
f 411/1/663 410/1/663 490/1/663
f 490/1/664 410/1/664 409/1/664
f 489/1/665 409/1/665 408/1/665
f 488/1/666 408/1/666 407/1/666
f 407/1/667 406/1/667 486/1/667
f 406/1/668 405/1/668 485/1/668
f 405/1/669 404/1/669 484/1/669
f 404/1/670 403/1/670 483/1/670
f 483/1/671 403/1/671 402/1/671
f 482/1/672 402/1/672 401/1/672
f 401/1/673 400/1/673 480/1/673
f 400/1/674 399/1/674 479/1/674
f 399/1/1098 398/1/1098 478/1/1098
f 398/1/676 397/1/676 477/1/676
f 3/1/677 2/1/677 396/1/677
f 396/1/678 395/1/678 475/1/678
f 475/1/679 395/1/679 394/1/679
f 394/1/680 393/1/680 473/1/680
f 473/1/681 393/1/681 392/1/681
f 392/1/682 391/1/682 471/1/682
f 471/1/683 391/1/683 390/1/683
f 390/1/684 389/1/684 469/1/684
f 469/1/1099 389/1/1099 388/1/1099
f 388/1/686 387/1/686 467/1/686
f 467/1/687 387/1/687 386/1/687
f 386/1/688 385/1/688 465/1/688
f 385/1/689 384/1/689 464/1/689
f 464/1/690 384/1/690 383/1/690
f 383/1/691 382/1/691 462/1/691
f 462/1/692 382/1/692 381/1/692
f 381/1/693 380/1/693 460/1/693
f 380/1/694 379/1/694 459/1/694
f 379/1/695 378/1/695 458/1/695
f 378/1/696 377/1/696 457/1/696
f 42/1/697 356/1/697 456/1/697
f 456/1/698 356/1/698 355/1/698
f 355/1/699 354/1/699 454/1/699
f 454/1/700 354/1/700 353/1/700
f 353/1/701 352/1/701 452/1/701
f 352/1/702 351/1/702 451/1/702
f 351/1/703 350/1/703 450/1/703
f 450/1/704 350/1/704 349/1/704
f 449/1/705 349/1/705 348/1/705
f 448/1/706 348/1/706 347/1/706
f 347/1/707 346/1/707 446/1/707
f 446/1/1100 346/1/1100 345/1/1100
f 345/1/709 344/1/709 444/1/709
f 344/1/710 343/1/710 443/1/710
f 343/1/711 342/1/711 442/1/711
f 342/1/712 341/1/712 441/1/712
f 341/1/713 340/1/713 440/1/713
f 340/1/714 339/1/714 439/1/714
f 339/1/715 338/1/715 438/1/715
f 338/1/1101 337/1/1101 437/1/1101
f 15/1/717 336/1/717 436/1/717
f 436/1/718 336/1/718 335/1/718
f 335/1/719 334/1/719 434/1/719
f 434/1/720 334/1/720 333/1/720
f 333/1/721 332/1/721 432/1/721
f 432/1/722 332/1/722 331/1/722
f 331/1/723 330/1/723 430/1/723
f 330/1/724 329/1/724 429/1/724
f 329/1/725 328/1/725 428/1/725
f 328/1/726 327/1/726 427/1/726
f 327/1/727 326/1/727 426/1/727
f 426/1/728 326/1/728 325/1/728
f 425/1/729 325/1/729 324/1/729
f 324/1/730 323/1/730 423/1/730
f 323/1/731 322/1/731 422/1/731
f 322/1/732 321/1/732 421/1/732
f 321/1/733 320/1/733 420/1/733
f 320/1/734 319/1/734 419/1/734
f 319/1/735 318/1/735 418/1/735
f 318/1/736 317/1/736 417/1/736
f 28/1/737 316/1/737 416/1/737
f 316/1/738 315/1/738 415/1/738
f 415/1/739 315/1/739 314/1/739
f 314/1/740 313/1/740 413/1/740
f 413/1/741 313/1/741 312/1/741
f 312/1/742 311/1/742 411/1/742
f 411/1/743 311/1/743 310/1/743
f 310/1/744 309/1/744 409/1/744
f 309/1/745 308/1/745 408/1/745
f 308/1/746 307/1/746 407/1/746
f 407/1/747 307/1/747 306/1/747
f 306/1/748 305/1/748 405/1/748
f 405/1/749 305/1/749 304/1/749
f 304/1/750 303/1/750 403/1/750
f 303/1/751 302/1/751 402/1/751
f 302/1/752 301/1/752 401/1/752
f 401/1/753 301/1/753 300/1/753
f 300/1/754 299/1/754 399/1/754
f 299/1/755 298/1/755 398/1/755
f 298/1/1102 297/1/1102 397/1/1102
f 2/1/757 1/1/757 357/1/757
f 357/1/758 358/1/758 395/1/758
f 358/1/759 359/1/759 394/1/759
f 359/1/760 360/1/760 393/1/760
f 360/1/761 361/1/761 392/1/761
f 392/1/762 361/1/762 362/1/762
f 362/1/763 363/1/763 390/1/763
f 390/1/764 363/1/764 364/1/764
f 364/1/765 365/1/765 388/1/765
f 388/1/766 365/1/766 366/1/766
f 387/1/767 366/1/767 367/1/767
f 386/1/768 367/1/768 368/1/768
f 385/1/769 368/1/769 369/1/769
f 384/1/770 369/1/770 370/1/770
f 383/1/771 370/1/771 371/1/771
f 382/1/1103 371/1/1103 372/1/1103
f 381/1/773 372/1/773 373/1/773
f 380/1/774 373/1/774 374/1/774
f 379/1/775 374/1/775 375/1/775
f 378/1/776 375/1/776 376/1/776
f 41/1/777 296/1/777 356/1/777
f 296/1/778 295/1/778 355/1/778
f 295/1/779 294/1/779 354/1/779
f 354/1/780 294/1/780 293/1/780
f 353/1/781 293/1/781 292/1/781
f 352/1/782 292/1/782 291/1/782
f 291/1/783 290/1/783 350/1/783
f 350/1/784 290/1/784 289/1/784
f 289/1/785 288/1/785 348/1/785
f 288/1/786 287/1/786 347/1/786
f 287/1/787 286/1/787 346/1/787
f 286/1/788 285/1/788 345/1/788
f 285/1/789 284/1/789 344/1/789
f 344/1/790 284/1/790 283/1/790
f 283/1/791 282/1/791 342/1/791
f 282/1/792 281/1/792 341/1/792
f 281/1/793 280/1/793 340/1/793
f 340/1/794 280/1/794 279/1/794
f 279/1/1104 278/1/1104 338/1/1104
f 278/1/796 277/1/796 337/1/796
f 15/1/797 14/1/797 276/1/797
f 276/1/798 275/1/798 335/1/798
f 335/1/799 275/1/799 274/1/799
f 274/1/800 273/1/800 333/1/800
f 333/1/801 273/1/801 272/1/801
f 272/1/802 271/1/802 331/1/802
f 331/1/803 271/1/803 270/1/803
f 270/1/804 269/1/804 329/1/804
f 329/1/1105 269/1/1105 268/1/1105
f 268/1/806 267/1/806 327/1/806
f 327/1/807 267/1/807 266/1/807
f 266/1/808 265/1/808 325/1/808
f 265/1/809 264/1/809 324/1/809
f 324/1/810 264/1/810 263/1/810
f 263/1/811 262/1/811 322/1/811
f 262/1/812 261/1/812 321/1/812
f 261/1/813 260/1/813 320/1/813
f 260/1/814 259/1/814 319/1/814
f 259/1/815 258/1/815 318/1/815
f 258/1/816 257/1/816 317/1/816
f 27/1/817 256/1/817 316/1/817
f 316/1/818 256/1/818 255/1/818
f 255/1/819 254/1/819 314/1/819
f 314/1/820 254/1/820 253/1/820
f 253/1/821 252/1/821 312/1/821
f 312/1/822 252/1/822 251/1/822
f 251/1/823 250/1/823 310/1/823
f 250/1/824 249/1/824 309/1/824
f 249/1/825 248/1/825 308/1/825
f 248/1/826 247/1/826 307/1/826
f 247/1/827 246/1/827 306/1/827
f 246/1/828 245/1/828 305/1/828
f 305/1/829 245/1/829 244/1/829
f 244/1/830 243/1/830 303/1/830
f 243/1/831 242/1/831 302/1/831
f 242/1/832 241/1/832 301/1/832
f 241/1/833 240/1/833 300/1/833
f 240/1/834 239/1/834 299/1/834
f 239/1/835 238/1/835 298/1/835
f 238/1/836 237/1/836 297/1/836
f 40/1/837 236/1/837 296/1/837
f 236/1/838 235/1/838 295/1/838
f 295/1/839 235/1/839 234/1/839
f 234/1/840 233/1/840 293/1/840
f 293/1/841 233/1/841 232/1/841
f 232/1/842 231/1/842 291/1/842
f 291/1/843 231/1/843 230/1/843
f 230/1/844 229/1/844 289/1/844
f 229/1/845 228/1/845 288/1/845
f 228/1/846 227/1/846 287/1/846
f 287/1/847 227/1/847 226/1/847
f 226/1/848 225/1/848 285/1/848
f 285/1/849 225/1/849 224/1/849
f 224/1/850 223/1/850 283/1/850
f 223/1/851 222/1/851 282/1/851
f 222/1/852 221/1/852 281/1/852
f 281/1/853 221/1/853 220/1/853
f 220/1/854 219/1/854 279/1/854
f 279/1/855 219/1/855 218/1/855
f 218/1/856 217/1/856 277/1/856
f 14/1/857 13/1/857 216/1/857
f 216/1/858 215/1/858 275/1/858
f 215/1/859 214/1/859 274/1/859
f 274/1/860 214/1/860 213/1/860
f 213/1/861 212/1/861 272/1/861
f 272/1/862 212/1/862 211/1/862
f 211/1/863 210/1/863 270/1/863
f 270/1/864 210/1/864 209/1/864
f 209/1/865 208/1/865 268/1/865
f 268/1/866 208/1/866 207/1/866
f 207/1/867 206/1/867 266/1/867
f 206/1/868 205/1/868 265/1/868
f 265/1/869 205/1/869 204/1/869
f 204/1/870 203/1/870 263/1/870
f 263/1/871 203/1/871 202/1/871
f 202/1/872 201/1/872 261/1/872
f 201/1/873 200/1/873 260/1/873
f 260/1/1106 200/1/1106 199/1/1106
f 199/1/875 198/1/875 258/1/875
f 198/1/876 197/1/876 257/1/876
f 27/1/877 26/1/877 176/1/877
f 176/1/878 175/1/878 255/1/878
f 255/1/879 175/1/879 174/1/879
f 254/1/880 174/1/880 173/1/880
f 253/1/881 173/1/881 172/1/881
f 172/1/882 171/1/882 251/1/882
f 251/1/883 171/1/883 170/1/883
f 170/1/884 169/1/884 249/1/884
f 249/1/885 169/1/885 168/1/885
f 168/1/886 167/1/886 247/1/886
f 167/1/887 166/1/887 246/1/887
f 166/1/888 165/1/888 245/1/888
f 165/1/889 164/1/889 244/1/889
f 244/1/890 164/1/890 163/1/890
f 163/1/891 162/1/891 242/1/891
f 242/1/892 162/1/892 161/1/892
f 161/1/893 160/1/893 240/1/893
f 240/1/894 160/1/894 159/1/894
f 159/1/895 158/1/895 238/1/895
f 158/1/896 157/1/896 237/1/896
f 39/1/897 136/1/897 236/1/897
f 236/1/898 136/1/898 135/1/898
f 135/1/899 134/1/899 234/1/899
f 234/1/900 134/1/900 133/1/900
f 133/1/901 132/1/901 232/1/901
f 232/1/902 132/1/902 131/1/902
f 131/1/903 130/1/903 230/1/903
f 130/1/904 129/1/904 229/1/904
f 129/1/905 128/1/905 228/1/905
f 128/1/906 127/1/906 227/1/906
f 127/1/907 126/1/907 226/1/907
f 126/1/908 125/1/908 225/1/908
f 225/1/909 125/1/909 124/1/909
f 124/1/910 123/1/910 223/1/910
f 123/1/911 122/1/911 222/1/911
f 122/1/912 121/1/912 221/1/912
f 121/1/913 120/1/913 220/1/913
f 120/1/914 119/1/914 219/1/914
f 119/1/915 118/1/915 218/1/915
f 118/1/916 117/1/916 217/1/916
f 12/1/917 177/1/917 216/1/917
f 216/1/918 177/1/918 178/1/918
f 178/1/919 179/1/919 214/1/919
f 214/1/920 179/1/920 180/1/920
f 180/1/921 181/1/921 212/1/921
f 212/1/922 181/1/922 182/1/922
f 182/1/923 183/1/923 210/1/923
f 210/1/924 183/1/924 184/1/924
f 209/1/925 184/1/925 185/1/925
f 208/1/926 185/1/926 186/1/926
f 207/1/1107 186/1/1107 187/1/1107
f 206/1/928 187/1/928 188/1/928
f 205/1/929 188/1/929 189/1/929
f 204/1/930 189/1/930 190/1/930
f 203/1/931 190/1/931 191/1/931
f 202/1/932 191/1/932 192/1/932
f 201/1/933 192/1/933 193/1/933
f 200/1/934 193/1/934 194/1/934
f 199/1/935 194/1/935 195/1/935
f 198/1/936 195/1/936 196/1/936
f 26/1/937 25/1/937 137/1/937
f 137/1/938 138/1/938 175/1/938
f 138/1/939 139/1/939 174/1/939
f 174/1/940 139/1/940 140/1/940
f 140/1/941 141/1/941 172/1/941
f 172/1/942 141/1/942 142/1/942
f 142/1/943 143/1/943 170/1/943
f 170/1/944 143/1/944 144/1/944
f 169/1/945 144/1/945 145/1/945
f 168/1/946 145/1/946 146/1/946
f 167/1/947 146/1/947 147/1/947
f 166/1/948 147/1/948 148/1/948
f 165/1/949 148/1/949 149/1/949
f 164/1/950 149/1/950 150/1/950
f 163/1/951 150/1/951 151/1/951
f 162/1/1108 151/1/1108 152/1/1108
f 161/1/953 152/1/953 153/1/953
f 160/1/954 153/1/954 154/1/954
f 159/1/955 154/1/955 155/1/955
f 158/1/956 155/1/956 156/1/956
f 38/1/957 97/1/957 136/1/957
f 136/1/958 97/1/958 98/1/958
f 98/1/959 99/1/959 134/1/959
f 134/1/960 99/1/960 100/1/960
f 100/1/961 101/1/961 132/1/961
f 132/1/962 101/1/962 102/1/962
f 102/1/963 103/1/963 130/1/963
f 130/1/964 103/1/964 104/1/964
f 129/1/965 104/1/965 105/1/965
f 128/1/966 105/1/966 106/1/966
f 127/1/967 106/1/967 107/1/967
f 126/1/968 107/1/968 108/1/968
f 125/1/969 108/1/969 109/1/969
f 124/1/970 109/1/970 110/1/970
f 123/1/971 110/1/971 111/1/971
f 122/1/972 111/1/972 112/1/972
f 121/1/973 112/1/973 113/1/973
f 120/1/1109 113/1/1109 114/1/1109
f 119/1/975 114/1/975 115/1/975
f 118/1/976 115/1/976 116/1/976
f 39/1/977 1095/1/977 1094/1/977
f 26/1/978 1082/1/978 1081/1/978
f 13/1/979 1069/1/979 1068/1/979
f 40/1/980 1096/1/980 1095/1/980
f 27/1/981 1083/1/981 1082/1/981
f 14/1/982 1070/1/982 1069/1/982
f 41/1/983 1097/1/983 1096/1/983
f 28/1/984 1084/1/984 1083/1/984
f 15/1/985 1071/1/985 1070/1/985
f 42/1/986 1098/1/986 1097/1/986
f 2/1/987 1058/1/987 1057/1/987
f 29/1/988 1085/1/988 1084/1/988
f 16/1/989 1072/1/989 1071/1/989
f 43/1/990 1099/1/990 1098/1/990
f 3/1/991 1059/1/991 1058/1/991
f 30/1/992 1086/1/992 1085/1/992
f 17/1/993 1073/1/993 1072/1/993
f 44/1/994 1100/1/994 1099/1/994
f 4/1/995 1060/1/995 1059/1/995
f 31/1/996 1087/1/996 1086/1/996
f 18/1/997 1074/1/997 1073/1/997
f 45/1/998 1101/1/998 1100/1/998
f 5/1/999 1061/1/999 1060/1/999
f 32/1/1000 1088/1/1000 1087/1/1000
f 19/1/1001 1075/1/1001 1074/1/1001
f 46/1/1002 1102/1/1002 1101/1/1002
f 6/1/1003 1062/1/1003 1061/1/1003
f 33/1/1004 1089/1/1004 1088/1/1004
f 20/1/1005 1076/1/1005 1075/1/1005
f 47/1/1006 1103/1/1006 1102/1/1006
f 7/1/1007 1063/1/1007 1062/1/1007
f 34/1/1008 1090/1/1008 1089/1/1008
f 21/1/1009 1077/1/1009 1076/1/1009
f 48/1/1010 1104/1/1010 1103/1/1010
f 8/1/1011 1064/1/1011 1063/1/1011
f 35/1/1012 1091/1/1012 1090/1/1012
f 22/1/1013 1078/1/1013 1077/1/1013
f 1/1/1014 1057/1/1014 1104/1/1014
f 9/1/1015 1065/1/1015 1064/1/1015
f 36/1/1016 1092/1/1016 1091/1/1016
f 23/1/1017 1079/1/1017 1078/1/1017
f 10/1/1018 1066/1/1018 1065/1/1018
f 37/1/1019 1093/1/1019 1092/1/1019
f 24/1/1020 1080/1/1020 1079/1/1020
f 11/1/1021 1067/1/1021 1066/1/1021
f 38/1/1022 1094/1/1022 1093/1/1022
f 25/1/1023 1081/1/1023 1080/1/1023
f 12/1/1024 1068/1/1024 1067/1/1024
f 1105/1/4 1097/1/4 1098/1/4
f 1116/1/4 1096/1/4 1097/1/4
f 1127/1/4 1095/1/4 1096/1/4
f 1138/1/4 1094/1/4 1095/1/4
f 1149/1/4 1093/1/4 1094/1/4
f 1160/1/4 1092/1/4 1093/1/4
f 1160/1/4 1171/1/4 1091/1/4
f 1171/1/4 1182/1/4 1090/1/4
f 1182/1/4 1193/1/4 1089/1/4
f 1193/1/4 1204/1/4 1088/1/4
f 1204/1/4 1215/1/4 1087/1/4
f 1215/1/4 1085/1/4 1086/1/4
f 1106/1/4 1105/1/4 1099/1/4
f 1117/1/4 1116/1/4 1105/1/4
f 1128/1/4 1127/1/4 1116/1/4
f 1139/1/4 1138/1/4 1127/1/4
f 1150/1/4 1149/1/4 1138/1/4
f 1161/1/4 1160/1/4 1149/1/4
f 1161/1/4 1172/1/4 1171/1/4
f 1172/1/4 1183/1/4 1182/1/4
f 1183/1/4 1194/1/4 1193/1/4
f 1194/1/4 1205/1/4 1204/1/4
f 1205/1/4 1216/1/4 1215/1/4
f 1216/1/4 1084/1/4 1085/1/4
f 1107/1/4 1106/1/4 1100/1/4
f 1118/1/4 1117/1/4 1106/1/4
f 1129/1/4 1128/1/4 1117/1/4
f 1140/1/4 1139/1/4 1128/1/4
f 1151/1/4 1150/1/4 1139/1/4
f 1162/1/4 1161/1/4 1150/1/4
f 1162/1/4 1173/1/4 1172/1/4
f 1173/1/4 1184/1/4 1183/1/4
f 1184/1/4 1195/1/4 1194/1/4
f 1195/1/4 1206/1/4 1205/1/4
f 1206/1/4 1217/1/4 1216/1/4
f 1217/1/4 1083/1/4 1084/1/4
f 1108/1/4 1107/1/4 1101/1/4
f 1119/1/4 1118/1/4 1107/1/4
f 1130/1/4 1129/1/4 1118/1/4
f 1141/1/4 1140/1/4 1129/1/4
f 1152/1/4 1151/1/4 1140/1/4
f 1163/1/4 1162/1/4 1151/1/4
f 1163/1/4 1174/1/4 1173/1/4
f 1174/1/4 1185/1/4 1184/1/4
f 1185/1/4 1196/1/4 1195/1/4
f 1196/1/4 1207/1/4 1206/1/4
f 1207/1/4 1218/1/4 1217/1/4
f 1218/1/4 1082/1/4 1083/1/4
f 1109/1/4 1108/1/4 1102/1/4
f 1120/1/4 1119/1/4 1108/1/4
f 1131/1/4 1130/1/4 1119/1/4
f 1142/1/4 1141/1/4 1130/1/4
f 1153/1/4 1152/1/4 1141/1/4
f 1164/1/4 1163/1/4 1152/1/4
f 1164/1/4 1175/1/4 1174/1/4
f 1175/1/4 1186/1/4 1185/1/4
f 1186/1/4 1197/1/4 1196/1/4
f 1197/1/4 1208/1/4 1207/1/4
f 1208/1/4 1219/1/4 1218/1/4
f 1219/1/4 1081/1/4 1082/1/4
f 1110/1/4 1109/1/4 1103/1/4
f 1121/1/4 1120/1/4 1109/1/4
f 1132/1/4 1131/1/4 1120/1/4
f 1143/1/4 1142/1/4 1131/1/4
f 1154/1/4 1153/1/4 1142/1/4
f 1165/1/4 1164/1/4 1153/1/4
f 1165/1/4 1176/1/4 1175/1/4
f 1176/1/4 1187/1/4 1186/1/4
f 1187/1/4 1198/1/4 1197/1/4
f 1198/1/4 1209/1/4 1208/1/4
f 1209/1/4 1220/1/4 1219/1/4
f 1220/1/4 1080/1/4 1081/1/4
f 1057/1/4 1111/1/4 1110/1/4
f 1111/1/4 1122/1/4 1121/1/4
f 1122/1/4 1133/1/4 1132/1/4
f 1133/1/4 1144/1/4 1143/1/4
f 1144/1/4 1155/1/4 1154/1/4
f 1155/1/4 1166/1/4 1165/1/4
f 1177/1/4 1176/1/4 1165/1/4
f 1188/1/4 1187/1/4 1176/1/4
f 1199/1/4 1198/1/4 1187/1/4
f 1210/1/4 1209/1/4 1198/1/4
f 1221/1/4 1220/1/4 1209/1/4
f 1079/1/4 1080/1/4 1220/1/4
f 1058/1/4 1112/1/4 1111/1/4
f 1112/1/4 1123/1/4 1122/1/4
f 1123/1/4 1134/1/4 1133/1/4
f 1134/1/4 1145/1/4 1144/1/4
f 1145/1/4 1156/1/4 1155/1/4
f 1156/1/4 1167/1/4 1166/1/4
f 1178/1/4 1177/1/4 1166/1/4
f 1189/1/4 1188/1/4 1177/1/4
f 1200/1/4 1199/1/4 1188/1/4
f 1211/1/4 1210/1/4 1199/1/4
f 1222/1/4 1221/1/4 1210/1/4
f 1078/1/4 1079/1/4 1221/1/4
f 1059/1/4 1113/1/4 1112/1/4
f 1113/1/4 1124/1/4 1123/1/4
f 1124/1/4 1135/1/4 1134/1/4
f 1135/1/4 1146/1/4 1145/1/4
f 1146/1/4 1157/1/4 1156/1/4
f 1157/1/4 1168/1/4 1167/1/4
f 1179/1/4 1178/1/4 1167/1/4
f 1190/1/4 1189/1/4 1178/1/4
f 1201/1/4 1200/1/4 1189/1/4
f 1212/1/4 1211/1/4 1200/1/4
f 1223/1/4 1222/1/4 1211/1/4
f 1077/1/4 1078/1/4 1222/1/4
f 1060/1/4 1114/1/4 1113/1/4
f 1114/1/4 1125/1/4 1124/1/4
f 1125/1/4 1136/1/4 1135/1/4
f 1136/1/4 1147/1/4 1146/1/4
f 1147/1/4 1158/1/4 1157/1/4
f 1158/1/4 1169/1/4 1168/1/4
f 1180/1/4 1179/1/4 1168/1/4
f 1191/1/4 1190/1/4 1179/1/4
f 1202/1/4 1201/1/4 1190/1/4
f 1213/1/4 1212/1/4 1201/1/4
f 1224/1/4 1223/1/4 1212/1/4
f 1076/1/4 1077/1/4 1223/1/4
f 1061/1/4 1115/1/4 1114/1/4
f 1115/1/4 1126/1/4 1125/1/4
f 1126/1/4 1137/1/4 1136/1/4
f 1137/1/4 1148/1/4 1147/1/4
f 1148/1/4 1159/1/4 1158/1/4
f 1159/1/4 1170/1/4 1169/1/4
f 1181/1/4 1180/1/4 1169/1/4
f 1192/1/4 1191/1/4 1180/1/4
f 1203/1/4 1202/1/4 1191/1/4
f 1214/1/4 1213/1/4 1202/1/4
f 1225/1/4 1224/1/4 1213/1/4
f 1075/1/4 1076/1/4 1224/1/4
f 1062/1/4 1063/1/4 1115/1/4
f 1063/1/4 1064/1/4 1126/1/4
f 1064/1/4 1065/1/4 1137/1/4
f 1065/1/4 1066/1/4 1148/1/4
f 1066/1/4 1067/1/4 1159/1/4
f 1067/1/4 1068/1/4 1170/1/4
f 1069/1/4 1181/1/4 1170/1/4
f 1070/1/4 1192/1/4 1181/1/4
f 1071/1/4 1203/1/4 1192/1/4
f 1072/1/4 1214/1/4 1203/1/4
f 1073/1/4 1225/1/4 1214/1/4
f 1074/1/4 1075/1/4 1225/1/4
